{"n": 19, "locations": [[37.78430150765983, 16.69911252750285], [7.539045534420663, 14.579255502290634], [10.559623944978934, 0.8590300387207928], [9.339039303269253, 9.062587137772947], [36.65005214449917, 32.75177902255283], [15.160967975275351, 39.29923500610554], [38.758184417824424, 48.492718052842484], [40.17616519654986, 14.631949170376634], [21.870649237901024, 20.86104510804719], [19.322586189701678, 22.231407265418245], [47.67355494235074, 9.690191938149189], [30.387034854093464, 27.553695633223462], [34.53805691155756, 25.785718901608035], [17.530988202512287, 48.45122908186956], [15.225340579082713, 28.401518893046756], [17.73460170067655, 32.1980715770992], [22.826278489252577, 29.937267804334216], [34.14415865146259, 1.8078833898030167], [34.02455296564174, 15.595073224631422], [0.0, 0.0]], "B": 400.0, "U": 2.0, "Uh": 1.0, "alpha": 1.5, "beta": 0.0, "theta": 15.0, "SD": 1.25, "SV": 1.0, "ND": 4}