{"n": 13, "locations": [[23.30695468637592, 1.5096208689918733], [37.7912954901307, 13.830546623737938], [40.09421065876884, 49.24821005634677], [45.2422617879074, 46.20761856421535], [2.436323742478186, 20.315266361369545], [9.379272503983344, 1.3259112394630068], [6.883569504526199, 0.9542482386093176], [32.563094833290016, 5.232040933369619], [17.159546428971435, 15.995951623624178], [6.993731677327664, 19.328166525550373], [25.400990532428423, 3.2682020741976068], [4.201742854859414, 26.324020842192457], [26.686416733554058, 19.12917931850092], [0.0, 0.0]], "B": 400.0, "U": 2.0, "Uh": 1.0, "alpha": 1.5, "beta": 0.0, "theta": 15.0, "SD": 1.25, "SV": 1.0, "ND": 4}