{"n": 7, "locations": [[27.805529575477895, 47.67526857621429], [9.013678439818229, 34.92822265494275], [11.620027955291313, 44.94362082314214], [0.05838858271800529, 4.4706373747494315], [12.382429198505928, 8.074572526887753], [38.32667684256681, 15.000759844449995], [28.18391170672957, 10.22755571311027], [0.0, 0.0]], "B": 400.0, "U": 2.0, "Uh": 1.0, "alpha": 1.5, "beta": 0.0, "theta": 15.0, "SD": 1.25, "SV": 1.0, "ND": 4}