{"n": 5, "locations": [[15.568749156905392, 27.992819016548797], [33.483650415336264, 15.492422004936351], [4.00844095590257, 41.19326338777022], [38.11136355982165, 39.365669406647505], [40.77219317978506, 5.888949035729841], [0.0, 0.0]], "B": 400.0, "U": 2.0, "Uh": 1.0, "alpha": 1.5, "beta": 0.0, "theta": 15.0, "SD": 1.25, "SV": 1.0, "ND": 4}