{"n": 7, "locations": [[3.924697320980269, 36.21233954262059], [26.459777481720803, 8.929021333834097], [29.316210504237294, 19.503871815617664], [46.02606267221979, 44.36309266537957], [33.29848637907584, 43.41381569148922], [12.666646002642123, 37.00126662151828], [21.145576152820066, 42.49317393918341], [0.0, 0.0]], "B": 400.0, "U": 2.0, "Uh": 1.0, "alpha": 1.5, "beta": 0.0, "theta": 15.0, "SD": 1.25, "SV": 1.0, "ND": 4}