{"n": 6, "locations": [[19.46507178436639, 28.708260809529612], [20.92837155558441, 32.95016239959291], [6.97459453649194, 43.29186551575411], [48.79419135325023, 37.082881012998854], [18.83046137639073, 21.310426507840496], [13.348422109968011, 44.90863492288552], [0.0, 0.0]], "B": 400.0, "U": 2.0, "Uh": 1.0, "alpha": 1.5, "beta": 0.0, "theta": 15.0, "SD": 1.25, "SV": 1.0, "ND": 4}