{"n": 16, "locations": [[2.936333248396333, 1.2220116509505607], [14.060334282676108, 10.148672409867277], [17.65835540898908, 21.89333343713068], [48.32647400507032, 47.69196268063101], [38.21911454013783, 4.2566069060384235], [9.570474404814593, 31.703831031957446], [44.93398301921048, 33.648618227434326], [30.47617947902703, 10.86938941517987], [42.62009944017036, 49.46536701169118], [24.44591638650204, 33.0735893207034], [20.0258497083375, 13.966945819468995], [2.3706730356357397, 39.509900483400635], [40.73124123073668, 11.798920781897483], [24.400527616542455, 40.27181578906788], [32.3296750644323, 37.78773050357528], [24.301885401950045, 36.11521004931179], [0.0, 0.0]], "B": 400.0, "U": 2.0, "Uh": 1.0, "alpha": 1.5, "beta": 0.0, "theta": 15.0, "SD": 1.25, "SV": 1.0, "ND": 4}