{"n": 14, "locations": [[38.39980056734935, 30.56199473021805], [29.789643232098957, 18.08498303389469], [38.46858728200977, 23.96107093817119], [46.15497644617397, 18.801818571636453], [27.81685300822327, 22.404103721656494], [44.981924204637195, 14.827783121199694], [3.4814427095666787, 16.92929326890541], [21.574506823861256, 39.28588658733577], [28.668975295571308, 35.88411053896451], [48.19710285519636, 49.62820013272495], [35.289539172573356, 13.52996961364536], [8.273330845744587, 14.068012099059851], [8.305719289681473, 0.09983864280740384], [8.182561780393133, 29.057170288866047], [0.0, 0.0]], "B": 400.0, "U": 2.0, "Uh": 1.0, "alpha": 1.5, "beta": 0.0, "theta": 15.0, "SD": 1.25, "SV": 1.0, "ND": 4}