{"n": 8, "locations": [[16.098142695188805, 33.386504534650626], [42.45294208294791, 16.425416733302978], [29.965369875218606, 15.02167335384782], [3.196657276544612, 0.050726161606318154], [32.052731944510874, 44.27381392473375], [29.0075117923828, 47.176523338873096], [9.046411679686333, 33.828769917637764], [30.634030366745375, 20.798354430503814], [0.0, 0.0]], "B": 400.0, "U": 2.0, "Uh": 1.0, "alpha": 1.5, "beta": 0.0, "theta": 15.0, "SD": 1.25, "SV": 1.0, "ND": 4}