{"n": 8, "locations": [[39.274849332392556, 28.847701518862458], [42.36756591003706, 23.128775327376445], [22.499318728695517, 29.364024732889014], [7.713225083138914, 34.09641101450206], [4.4082097347462215, 18.25618152501666], [0.45062757128702113, 10.879009410803892], [7.470898578269447, 39.50431724925412], [17.289790797783056, 0.9987557719357998], [0.0, 0.0]], "B": 400.0, "U": 2.0, "Uh": 1.0, "alpha": 1.5, "beta": 0.0, "theta": 15.0, "SD": 1.25, "SV": 1.0, "ND": 4}