{"n": 8, "locations": [[37.94320362689068, 6.173248452977703], [43.37836774474086, 3.5894445158721364], [12.458185472753424, 41.92518632592333], [28.381242680109793, 14.617833528012902], [8.390088622441299, 47.43121763102201], [20.97179288074323, 24.039870873286773], [27.22952330945162, 28.238276713931864], [37.43848844620781, 19.015121050623907], [0.0, 0.0]], "B": 400.0, "U": 2.0, "Uh": 1.0, "alpha": 1.5, "beta": 0.0, "theta": 15.0, "SD": 1.25, "SV": 1.0, "ND": 4}