{"n": 7, "locations": [[14.987888181444314, 4.3556588658944575], [8.620345076813058, 7.285304059394992], [13.55214321112624, 36.72312249513981], [28.650364495862252, 8.323744375151831], [9.219781019917688, 39.3648368481782], [34.78210041098095, 23.55231748557365], [27.62389919575107, 12.445534264021967], [0.0, 0.0]], "B": 400.0, "U": 2.0, "Uh": 1.0, "alpha": 1.5, "beta": 0.0, "theta": 15.0, "SD": 1.25, "SV": 1.0, "ND": 4}