{"n": 14, "locations": [[11.219523742626365, 25.09936147311857], [44.914351207943696, 23.04678760261922], [47.06540262473755, 16.66778531462275], [12.280523931317305, 28.52366218016215], [14.025863757828578, 5.580925005860815], [19.457890338730476, 21.245597709001007], [43.19295594717482, 31.097943179101478], [13.942815805124653, 14.972953953035246], [6.388868756530791, 25.355903206948483], [48.21495921878384, 7.938310432640589], [16.3408396734412, 32.4680037001364], [20.403188042184368, 6.013931151864443], [41.68084725419624, 30.77671455470438], [20.544472953966253, 11.825954020884854], [0.0, 0.0]], "B": 400.0, "U": 2.0, "Uh": 1.0, "alpha": 1.5, "beta": 0.0, "theta": 15.0, "SD": 1.25, "SV": 1.0, "ND": 4}