{"n": 11, "locations": [[26.804927199024913, 18.815569892135187], [33.23371895059828, 17.525717590002593], [39.7501900768992, 33.25390167414628], [16.538423466797596, 36.73651366006672], [45.68544582627999, 10.393152035793335], [27.949997295782953, 28.438697008023077], [48.779927386768065, 15.253190922430527], [2.7115936038950625, 14.373727624018596], [5.353074860142259, 1.149903646489031], [8.303408674585366, 27.777358429694708], [7.57631672767069, 29.39740899616041], [0.0, 0.0]], "B": 400.0, "U": 2.0, "Uh": 1.0, "alpha": 1.5, "beta": 0.0, "theta": 15.0, "SD": 1.25, "SV": 1.0, "ND": 4}