{"n": 19, "locations": [[13.092932066934038, 27.628401421713438], [1.0840515707632614, 43.96349853220357], [5.593503332733107, 18.52013986613051], [28.354800736922574, 39.74921308863605], [35.47866293394651, 24.555733671598194], [0.15884349587106383, 37.71798198618222], [16.837023462309265, 8.114925590831062], [46.97600854645634, 37.40008825430745], [33.10322996498515, 22.007928560846775], [35.70643547359475, 27.31977834054436], [49.65296837044401, 44.045179797677356], [38.84140590340374, 32.26710272513326], [23.52636850578742, 35.62062015409283], [41.179861803573665, 1.14936058144402], [37.702319677782285, 39.86742600117532], [10.495856946304693, 7.970509557430833], [29.32140329736241, 49.04707610943589], [15.60664393035392, 39.01486405058159], [10.91213226269987, 30.207012593239508], [0.0, 0.0]], "B": 400.0, "U": 2.0, "Uh": 1.0, "alpha": 1.5, "beta": 0.0, "theta": 15.0, "SD": 1.25, "SV": 1.0, "ND": 4}