{"n": 20, "locations": [[34.543829298625596, 48.75442167611758], [13.476829583009058, 43.41683463980533], [44.33885825762714, 24.32099600143212], [23.167815333535373, 30.087607054549053], [7.387990603892836, 19.179527999855576], [44.35193301835569, 22.05860488755959], [4.308274077111568, 5.189214214451937], [20.52129293016754, 39.22842606695878], [14.242763643759904, 27.946537573964015], [8.010201531177074, 39.95264355550265], [47.806391319201346, 16.392705570225225], [4.170199645682987, 16.96755532220528], [43.348841572164275, 38.853917950998095], [39.24504908884446, 22.30134445614911], [3.002277958214167, 29.974343778552942], [24.351958242481796, 46.64867490479365], [35.94320178284644, 45.84369192668024], [37.781159135346265, 49.32062373329707], [27.07692363261099, 11.59861675663879], [9.273251556741908, 24.410006507471536], [0.0, 0.0]], "B": 400.0, "U": 2.0, "Uh": 1.0, "alpha": 1.5, "beta": 0.0, "theta": 15.0, "SD": 1.25, "SV": 1.0, "ND": 4}