{"n": 20, "locations": [[34.1288940119109, 28.15655002056629], [17.83040771332663, 32.025783680365116], [10.719856120661392, 41.230479058095455], [13.290156928538144, 36.11808885605784], [11.188708340789521, 31.81764233268249], [16.450351249440605, 7.273833090279696], [6.4183312982898695, 44.41498861039705], [28.869622732723304, 17.025964816797302], [44.7940218615897, 16.350241753784], [2.301695253652553, 27.178059688769718], [49.00527166535631, 12.089192915222895], [18.182970830485306, 45.14245931253835], [13.641672433530605, 48.821191556753284], [44.441279618226005, 36.848864989747945], [7.96283596423465, 6.069800253351615], [13.933136251108857, 40.78356334205773], [5.438464149452788, 40.03733967274429], [27.74014298070305, 21.86418632295961], [8.580964746877795, 32.91700520177532], [38.95633412684263, 45.65350036044429], [0.0, 0.0]], "B": 400.0, "U": 2.0, "Uh": 1.0, "alpha": 1.5, "beta": 0.0, "theta": 15.0, "SD": 1.25, "SV": 1.0, "ND": 4}