{"n": 18, "locations": [[32.334035464930736, 44.30344552439027], [7.404546841866444, 9.958815678887834], [8.299108668415622, 6.992923422369879], [30.117247360439038, 38.33909854492591], [14.967970255332224, 41.53563741394738], [13.19221292791115, 30.195080919853158], [35.19668285873557, 19.320333929497853], [20.58477805344182, 10.618033940084443], [9.875046963949236, 11.958756338059512], [39.90248282357823, 13.03158692457238], [21.30980523943437, 7.089224812628586], [48.623680848209304, 20.291389625861676], [37.23150954454685, 3.997843347248992], [26.301172015385166, 18.821243971834413], [28.89050721331178, 9.56107253344774], [15.528674251087976, 31.260243318297555], [35.22971081221623, 41.91724702188521], [41.44075865506631, 45.15177380232141], [0.0, 0.0]], "B": 400.0, "U": 2.0, "Uh": 1.0, "alpha": 1.5, "beta": 0.0, "theta": 15.0, "SD": 1.25, "SV": 1.0, "ND": 4}