{"n": 14, "locations": [[33.787184770451, 9.70238785733017], [10.367829349158608, 36.395444940372414], [19.88870549874741, 44.704893075907044], [13.668763515378346, 19.600174540267084], [19.294567422794316, 39.8166006081999], [18.13911024036685, 31.01450211247549], [46.62776755827187, 33.168356055911], [41.13993194838193, 18.662460706743843], [8.864739035270913, 22.08288293065921], [40.51756660118406, 15.530784379178819], [48.23508289975348, 20.06981621343982], [34.59740455870277, 7.649409410847186], [47.168765489089594, 32.924473103651415], [28.054925883870467, 25.058919232412347], [0.0, 0.0]], "B": 400.0, "U": 2.0, "Uh": 1.0, "alpha": 1.5, "beta": 0.0, "theta": 15.0, "SD": 1.25, "SV": 1.0, "ND": 4}