{"n": 10, "locations": [[10.848417440310044, 8.889511716872978], [20.437186113578278, 39.82587191639399], [33.4676232024827, 3.396756717076271], [36.017715528975316, 8.467764189094817], [48.53820708358057, 29.996034450032894], [46.42546039615278, 13.612654267948576], [42.822679433514075, 21.484506980743216], [12.73900276509875, 15.429244497099791], [26.920987343118796, 27.94566830501842], [5.806664663349692, 36.32354422753553], [0.0, 0.0]], "B": 400.0, "U": 2.0, "Uh": 1.0, "alpha": 1.5, "beta": 0.0, "theta": 15.0, "SD": 1.25, "SV": 1.0, "ND": 4}