{"n": 17, "locations": [[25.39112460721832, 27.825804680488105], [36.630423742848386, 0.9682116788203798], [24.433687947967957, 20.33556189158307], [2.294108758200386, 36.48677507095081], [7.8879406540807215, 15.328327003744496], [5.54266773075438, 27.17196538756759], [23.212141190736684, 18.487223756906896], [3.5375255232631018, 1.3554907312231468], [46.69032556017817, 9.615995821092554], [29.69537394500021, 14.054774554104505], [47.79710916862817, 9.468847737042957], [12.623992150451773, 0.19253145301550978], [4.179263576200282, 9.447400841129127], [32.301331127458646, 46.836578653669946], [1.0620938253448897, 38.924638736236375], [48.472030396013494, 34.15803216551913], [14.054809395505591, 3.04192783230548], [0.0, 0.0]], "B": 400.0, "U": 2.0, "Uh": 1.0, "alpha": 1.5, "beta": 0.0, "theta": 15.0, "SD": 1.25, "SV": 1.0, "ND": 4}