{"n": 20, "locations": [[3.4738561970838577, 26.169061369849807], [36.4247548119718, 49.18366979481799], [40.08972156086931, 44.75890750014047], [24.3613095297832, 35.427774969137246], [6.250275125891081, 1.0136297742425415], [9.44602703121581, 7.180215599961964], [15.930387481592806, 0.07573107836871262], [21.129618736386234, 36.57223063307407], [45.27784618734225, 14.902059311792048], [16.823872276736513, 24.539573307002282], [22.956413900780287, 47.58693846591326], [18.145026249791268, 36.587169922488876], [0.557461052458047, 42.90883291851043], [6.72362005106093, 12.127777768909581], [16.354165457935967, 35.91514996053972], [25.070414800967107, 1.9134089610412186], [48.028324077354974, 17.908386253272006], [5.790425874481792, 37.15470441188952], [22.971004346697587, 48.28349066282826], [48.64846536951696, 25.050037225916828], [0.0, 0.0]], "B": 400.0, "U": 2.0, "Uh": 1.0, "alpha": 1.5, "beta": 0.0, "theta": 15.0, "SD": 1.25, "SV": 1.0, "ND": 4}