{"n": 10, "locations": [[47.479596922459734, 40.73625390578627], [34.04852282670067, 11.567497104293146], [10.86106825816725, 19.26487555765849], [42.30440128408575, 21.882352655201604], [3.45337132996581, 21.927730735414023], [43.92325478572106, 41.56141424223818], [4.674075306556352, 28.461162745198276], [7.786423679167087, 25.053170834782097], [5.060911026387021, 49.61494474793089], [11.944966613724201, 20.074238349863293], [0.0, 0.0]], "B": 400.0, "U": 2.0, "Uh": 1.0, "alpha": 1.5, "beta": 0.0, "theta": 15.0, "SD": 1.25, "SV": 1.0, "ND": 4}