{"n": 16, "locations": [[8.518488522430607, 18.05617889561328], [30.99196034242, 48.994277203271096], [24.665187281754434, 17.648283582775942], [6.5616829611417185, 42.71990186552482], [32.11689124414591, 1.2864520441530691], [27.80957117482364, 13.894632763990412], [32.7640995918145, 6.382009420043177], [40.65471451546478, 16.527683876230885], [41.7745966426649, 29.336773802317367], [22.482641081594217, 49.198860013049334], [14.898503249614519, 34.586080453916985], [14.076108481993765, 22.385046015275282], [2.151562880144098, 2.2434661110287744], [20.083128284490336, 33.75173238710868], [8.385637131166412, 5.497612303082505], [16.60375577890767, 45.29577082593325], [0.0, 0.0]], "B": 400.0, "U": 2.0, "Uh": 1.0, "alpha": 1.5, "beta": 0.0, "theta": 15.0, "SD": 1.25, "SV": 1.0, "ND": 4}