{"n": 17, "locations": [[4.53661798668149, 5.070594604897511], [15.158571896427075, 36.45067006755882], [20.632284901779073, 6.973463042527861], [36.85316736675394, 21.003564305837898], [46.97096051525854, 29.557509659118242], [20.30029487384451, 23.449564118678484], [13.524784631914782, 32.30995532856365], [27.991298900628962, 29.43430928100186], [29.097842828583964, 11.21802242525281], [21.192770046645144, 34.3364954209074], [5.027108373828676, 45.823039225939766], [19.821303869832292, 3.9849531299821104], [39.63401948568971, 26.734104658392482], [12.375998854603953, 9.673167223004786], [8.591819279722701, 28.001047606872614], [46.672163325922014, 4.872564280910874], [29.709425605230503, 3.595172018704662], [0.0, 0.0]], "B": 400.0, "U": 2.0, "Uh": 1.0, "alpha": 1.5, "beta": 0.0, "theta": 15.0, "SD": 1.25, "SV": 1.0, "ND": 4}