{"n": 9, "locations": [[4.8194299419674405, 37.1926296313763], [39.69626999525476, 11.555818137804275], [18.4694944854275, 23.22526743744403], [28.58509157130986, 39.22305093545596], [46.4616879784735, 28.044368256337542], [38.24840720916314, 4.366754928797434], [22.998701629877065, 28.342264390073506], [17.835639196903212, 0.9289611389887653], [11.761691380741512, 4.30935788376452], [0.0, 0.0]], "B": 400.0, "U": 2.0, "Uh": 1.0, "alpha": 1.5, "beta": 0.0, "theta": 15.0, "SD": 1.25, "SV": 1.0, "ND": 4}