{"n": 6, "locations": [[7.889594704419622, 22.456522635072567], [44.587812599678635, 44.263235744208515], [8.51543634603959, 33.599946504384334], [35.068534875674686, 34.058911658622314], [33.59179404810072, 43.626024570506885], [13.768167897007345, 3.2828994402147815], [0.0, 0.0]], "B": 400.0, "U": 2.0, "Uh": 1.0, "alpha": 1.5, "beta": 0.0, "theta": 15.0, "SD": 1.25, "SV": 1.0, "ND": 4}