{"n": 14, "locations": [[28.011490170658355, 12.138503556421142], [1.5030904887621876, 32.30962224127218], [28.07854564484445, 6.729207431213446], [49.900354419075626, 17.549133949412365], [47.732564385214374, 10.050276736157471], [44.45102273593506, 26.82158779422248], [27.095857553487157, 25.063337414019433], [12.15184655461522, 0.4800910120685953], [46.35643823110996, 43.072952128138375], [2.596013849480067, 3.081263575063775], [39.70226954409944, 39.59910147695525], [21.70545402249397, 44.287555508616904], [24.592669482336465, 34.03012284284726], [40.104527627029675, 11.406903141939189], [0.0, 0.0]], "B": 400.0, "U": 2.0, "Uh": 1.0, "alpha": 1.5, "beta": 0.0, "theta": 15.0, "SD": 1.25, "SV": 1.0, "ND": 4}