{"n": 9, "locations": [[5.769868511083509, 14.460766365062499], [25.229738987363774, 24.337046203468127], [20.830645500335628, 46.83820964672532], [18.435758084758202, 38.2628129377527], [15.482488140618894, 9.849214977793586], [10.390109981178897, 18.46677023508842], [41.22501705037173, 45.01473682630664], [12.315689816998926, 45.192118928406884], [47.25899001246051, 15.08161377636198], [0.0, 0.0]], "B": 400.0, "U": 2.0, "Uh": 1.0, "alpha": 1.5, "beta": 0.0, "theta": 15.0, "SD": 1.25, "SV": 1.0, "ND": 4}