{"n": 5, "locations": [[34.1096103862699, 23.318574632040434], [36.07178570073926, 2.9184029966565275], [44.63383336448787, 0.5691587227948158], [28.693451859967674, 20.519223620306597], [25.985053195554947, 5.634812338071754], [0.0, 0.0]], "B": 400.0, "U": 2.0, "Uh": 1.0, "alpha": 1.5, "beta": 0.0, "theta": 15.0, "SD": 1.25, "SV": 1.0, "ND": 4}