{"n": 16, "locations": [[21.945800361847752, 35.13781550670419], [32.736690943851414, 1.6380379520294586], [12.241192997756068, 35.9284653781203], [7.524669943366996, 21.752184070906782], [34.838004169090944, 9.571332653874071], [22.10657480086721, 15.950140735172875], [37.15618656342055, 46.13612294492732], [11.85320478872513, 35.12968182461573], [22.319172719589282, 16.198690509024168], [1.2088965345152636, 17.488804781220686], [23.57648484595703, 31.29875758934845], [2.0114118123396754, 16.7199380631276], [6.9696000260536355, 44.53616949279684], [21.389142523779853, 27.60656363001841], [35.21304902269748, 22.568807554683424], [7.707192347269154, 39.4346568760352], [0.0, 0.0]], "B": 400.0, "U": 2.0, "Uh": 1.0, "alpha": 1.5, "beta": 0.0, "theta": 15.0, "SD": 1.25, "SV": 1.0, "ND": 4}