{"n": 15, "locations": [[28.503056475864252, 22.195864026045836], [12.78059220404783, 44.67797968700936], [25.093733382331934, 33.13046517497128], [31.148650572106128, 41.60154035204513], [1.314035356908011, 10.649608402271566], [35.30021554945913, 30.559014390491235], [15.402274201740045, 22.214183552634996], [14.302181335920617, 45.45144475414992], [32.731565030553064, 16.973513132879635], [40.23785971094456, 13.570360965944339], [10.193991807709596, 8.557583856062351], [44.35928679206671, 10.623420297932007], [42.02864534888321, 26.489975698872332], [15.694816644737736, 10.166527499043337], [18.022543235364008, 37.84694841356553], [0.0, 0.0]], "B": 400.0, "U": 2.0, "Uh": 1.0, "alpha": 1.5, "beta": 0.0, "theta": 15.0, "SD": 1.25, "SV": 1.0, "ND": 4}