{"n": 19, "locations": [[23.205777570016554, 38.844778727402044], [6.80741403360916, 7.636946405582373], [28.042076543430827, 12.599922520356321], [6.579093678025638, 18.031286159033883], [29.665468422437925, 2.221033868672401], [42.20298290405064, 21.04062642847789], [31.317553846011315, 7.190224192593275], [34.02326686325153, 21.002688125423962], [6.938823928290777, 46.186261062607095], [32.26637685333634, 40.513315474383006], [9.609916285722447, 42.41021502066551], [12.006488284790457, 33.90200844797265], [19.769109134421985, 14.086187417373491], [34.74989645375734, 15.945130252849532], [43.423035793263246, 28.127043432063058], [6.936289476899643, 29.53419069185787], [8.854008626456073, 9.551075858883106], [10.48094930892578, 16.62870269618695], [26.703765590070404, 3.9959502904839903], [0.0, 0.0]], "B": 400.0, "U": 2.0, "Uh": 1.0, "alpha": 1.5, "beta": 0.0, "theta": 15.0, "SD": 1.25, "SV": 1.0, "ND": 4}