{"n": 5, "locations": [[49.68385502165759, 27.79248900889813], [6.130271773630519, 24.633192989733015], [21.08683108792692, 44.27057055056684], [13.423676451734984, 35.50778147087876], [24.383949592355204, 8.221698359207508], [0.0, 0.0]], "B": 400.0, "U": 2.0, "Uh": 1.0, "alpha": 1.5, "beta": 0.0, "theta": 15.0, "SD": 1.25, "SV": 1.0, "ND": 4}