{"n": 8, "locations": [[49.94066684758042, 19.589698733229305], [24.408573664275696, 32.863049021015215], [19.714821495246422, 21.85592990198592], [34.39305176412649, 16.571196573597174], [2.1526539287493653, 3.606688990109441], [13.011058942703556, 44.43501612893742], [18.41391361773593, 29.758042836382508], [26.44349420799289, 25.00698183299735], [0.0, 0.0]], "B": 400.0, "U": 2.0, "Uh": 1.0, "alpha": 1.5, "beta": 0.0, "theta": 15.0, "SD": 1.25, "SV": 1.0, "ND": 4}