{"n": 12, "locations": [[47.90025756526426, 49.59554948958936], [22.52819869908558, 18.84732157095952], [8.285912987897698, 12.263888644738286], [30.678294463060002, 39.78619498696831], [8.701625772899375, 18.121768194787098], [6.482327133238163, 28.487996215089563], [13.909814101071055, 0.08895690739458839], [23.09381226319153, 45.513652905362626], [14.85186032899079, 12.018404768727908], [28.76841222353768, 10.091462789521428], [13.449713040790085, 14.728004719210757], [45.13988751671026, 42.86610132879176], [0.0, 0.0]], "B": 400.0, "U": 2.0, "Uh": 1.0, "alpha": 1.5, "beta": 0.0, "theta": 15.0, "SD": 1.25, "SV": 1.0, "ND": 4}