{"n": 14, "locations": [[34.501885641344806, 29.414650444047137], [15.332100721730214, 39.95619203128056], [26.457293786421687, 28.754510118737457], [0.1505490253393138, 12.02320911770141], [20.060212368233238, 32.652952445586486], [41.863098456672724, 28.051121555284737], [10.098398781807932, 3.6975904450626373], [25.427645278321247, 13.753563177354211], [32.13048828754072, 18.821447991848306], [17.179627327923747, 27.936188252528627], [14.890031918316243, 2.0594843861131915], [36.687223360372315, 48.295766705583645], [28.168150856986777, 12.753544260390793], [36.827779317713485, 16.491964256452984], [0.0, 0.0]], "B": 400.0, "U": 2.0, "Uh": 1.0, "alpha": 1.5, "beta": 0.0, "theta": 15.0, "SD": 1.25, "SV": 1.0, "ND": 4}