{"n": 6, "locations": [[41.6237463653113, 11.320135621227406], [17.599266224661637, 40.32600467552273], [38.21174318722141, 10.10463696844578], [42.806611495118005, 9.563229685711294], [37.997947566058954, 32.673237650044975], [14.020812009593108, 33.37153171034546], [0.0, 0.0]], "B": 400.0, "U": 2.0, "Uh": 1.0, "alpha": 1.5, "beta": 0.0, "theta": 15.0, "SD": 1.25, "SV": 1.0, "ND": 4}