{"n": 10, "locations": [[13.622049012485615, 34.246109429916885], [43.61534591289817, 32.49111972201936], [33.30304380166672, 11.844299439921885], [7.0735761140835685, 40.99803922267132], [45.65780557960084, 12.697138783783307], [33.53804003234659, 25.53012944877417], [7.044086715064745, 46.43922403231686], [32.240339735793825, 31.61362456298134], [0.07899086407469613, 2.3987152549211963], [45.06001763747042, 47.854742598173296], [0.0, 0.0]], "B": 400.0, "U": 2.0, "Uh": 1.0, "alpha": 1.5, "beta": 0.0, "theta": 15.0, "SD": 1.25, "SV": 1.0, "ND": 4}