{"n": 12, "locations": [[20.828872172513123, 30.233756135484136], [9.134230386899167, 34.10383951217792], [27.385176421861978, 45.33767801456008], [18.14023360066768, 44.21739295112247], [6.849084826423835, 12.888767297150345], [8.285849853633065, 17.213666297324203], [15.726082807194802, 7.606287013236868], [8.647700718621659, 6.7283847319155985], [47.25724012488254, 32.65237865141589], [24.024945744994465, 5.119911014591317], [15.78164265465068, 28.929992808950765], [19.70245106040099, 40.82461813751598], [0.0, 0.0]], "B": 400.0, "U": 2.0, "Uh": 1.0, "alpha": 1.5, "beta": 0.0, "theta": 15.0, "SD": 1.25, "SV": 1.0, "ND": 4}