{"n": 5, "locations": [[37.94005482891839, 46.562822196009684], [25.973659545013493, 0.7265091836138493], [19.956742692525047, 35.72474543794023], [17.47481368631233, 17.252886548638298], [20.258807065116162, 2.760752002646055], [0.0, 0.0]], "B": 400.0, "U": 2.0, "Uh": 1.0, "alpha": 1.5, "beta": 0.0, "theta": 15.0, "SD": 1.25, "SV": 1.0, "ND": 4}