{"n": 17, "locations": [[46.65191206653026, 31.533673169310422], [32.66045597507843, 0.3527914930070486], [21.64845519064795, 1.3010824312300884], [18.43782197599198, 13.253555108341065], [39.24469100816598, 15.328731588898393], [38.68836168846684, 6.744648754815036], [28.45624446594953, 17.250705798596417], [26.15484065608826, 15.491133647272697], [3.81386355081717, 45.364156254036224], [12.90789834837337, 30.652732168687685], [42.94030427284266, 26.751667117738037], [1.8389492835468368, 28.79457144983153], [31.796525792386575, 16.146498696490614], [7.942708228079686, 1.8550463696853536], [17.60346934362679, 17.10134486397968], [37.16117910093263, 34.56009737876829], [18.78115546766919, 14.588808233310408], [0.0, 0.0]], "B": 400.0, "U": 2.0, "Uh": 1.0, "alpha": 1.5, "beta": 0.0, "theta": 15.0, "SD": 1.25, "SV": 1.0, "ND": 4}