{"n": 16, "locations": [[11.1945416420914, 45.32632596948002], [41.15882039217382, 23.42935860655522], [46.42209365193319, 9.059077523087517], [39.93590375133459, 40.810213729229986], [38.982108632078315, 20.19044113906136], [49.43388700778339, 13.24751867038052], [13.20690777903209, 4.240581017627182], [46.40243788920945, 12.129160189201304], [26.1030997036726, 23.677992733034632], [43.51260802422611, 44.28656246765137], [12.462403490485924, 4.17747452799243], [24.70699278479312, 10.689787765363478], [29.775669432156544, 15.14514109054777], [48.37063793979278, 2.9625558491967796], [44.17294398827783, 48.1767565418198], [25.968244308017407, 6.540773004569073], [0.0, 0.0]], "B": 400.0, "U": 2.0, "Uh": 1.0, "alpha": 1.5, "beta": 0.0, "theta": 15.0, "SD": 1.25, "SV": 1.0, "ND": 4}