{"n": 6, "locations": [[4.684736961961633, 25.497294611916487], [38.044321259427115, 41.684320113962094], [18.740075947093317, 49.381820930083684], [3.4985347665431266, 45.29781115349413], [49.92264156925013, 31.48246113018774], [13.453354875202711, 31.22591338878258], [0.0, 0.0]], "B": 400.0, "U": 2.0, "Uh": 1.0, "alpha": 1.5, "beta": 0.0, "theta": 15.0, "SD": 1.25, "SV": 1.0, "ND": 4}