{"n": 18, "locations": [[3.314384555994404, 30.86332418849565], [17.298571515825355, 9.035570127819948], [32.18350317393776, 48.01928846674673], [32.598737113922574, 24.561388151982538], [48.905351666077145, 4.822932406887137], [10.310375974601776, 47.32658998846927], [25.1109618653998, 19.895781649244753], [15.883826218570407, 18.04717878003666], [46.282827449991295, 23.970987248185278], [49.39296338764249, 20.575361507681556], [40.21321570095972, 47.33693011782661], [9.46039088771422, 4.660214009796815], [16.23710440322891, 41.60020286042146], [44.18137167907324, 5.184860584158257], [9.833885434241079, 44.79642378007721], [38.95940464436259, 46.50551079538678], [33.73024694616419, 1.36647143477166], [23.678253139929634, 38.17254148072721], [0.0, 0.0]], "B": 400.0, "U": 2.0, "Uh": 1.0, "alpha": 1.5, "beta": 0.0, "theta": 15.0, "SD": 1.25, "SV": 1.0, "ND": 4}