{"n": 15, "locations": [[22.611986727940824, 12.106699684960398], [7.827600115308653, 2.62202631579182], [2.5240985288516207, 9.704986061225817], [11.649223750104426, 46.189023646239335], [11.543561536106855, 26.970295377774118], [7.55777973629751, 32.18253337633225], [3.5551773484742033, 1.9588700568719364], [37.53279202326425, 38.623394818177566], [47.07304908725092, 19.34585509102694], [27.655321947491586, 41.33854231290168], [2.0578646611698446, 29.366038958670444], [48.268972622083, 49.162465555141274], [5.883716238806319, 1.1409193443332133], [6.613432315407031, 5.929920700935215], [13.574695209144977, 18.924984734853634], [0.0, 0.0]], "B": 400.0, "U": 2.0, "Uh": 1.0, "alpha": 1.5, "beta": 0.0, "theta": 15.0, "SD": 1.25, "SV": 1.0, "ND": 4}