{"n": 18, "locations": [[44.69360355582321, 13.627171219274981], [26.925986896373082, 26.191720601277417], [25.031367005785437, 2.516193262521371], [45.714739092677554, 45.98857881217313], [20.52569757709996, 37.63830241789995], [15.658769489956404, 18.7053876590484], [17.599369492414368, 7.864115360399598], [29.357528780635484, 31.60038193969601], [24.515477247811614, 11.357935692668065], [1.834878454564992, 45.042670871987575], [25.680617174547443, 14.775372343968845], [35.75400900458726, 45.55405398591804], [25.865194310664418, 40.34648265894756], [48.852649042279786, 44.374810325641725], [35.55210828412331, 23.489111483287882], [23.226037921902293, 26.653889556307963], [25.681364127233273, 28.19433347369899], [2.5365951185683686, 1.265618355158027], [0.0, 0.0]], "B": 400.0, "U": 2.0, "Uh": 1.0, "alpha": 1.5, "beta": 0.0, "theta": 15.0, "SD": 1.25, "SV": 1.0, "ND": 4}