{"n": 12, "locations": [[43.607387806046596, 5.1958939372735715], [30.20140732287396, 32.606173856856], [6.945651164571231, 5.792455622178588], [25.06469154876606, 25.44449518388604], [43.40929350286877, 31.799076024044503], [15.950928658656998, 2.3734440458209436], [0.09756709673303665, 48.01547793094035], [35.76903713045652, 15.425024541836802], [37.70079162662165, 27.449577423882786], [48.47717297712602, 21.755916113702522], [44.413904528489795, 31.4698835428305], [3.730821425705039, 32.29295812634443], [0.0, 0.0]], "B": 400.0, "U": 2.0, "Uh": 1.0, "alpha": 1.5, "beta": 0.0, "theta": 15.0, "SD": 1.25, "SV": 1.0, "ND": 4}