{"n": 11, "locations": [[14.68369987756054, 23.053437501762847], [16.14565592007862, 30.407965804108787], [2.5911357079598463, 9.808902218095305], [47.22119851335071, 33.549692944972605], [20.42677403485507, 10.770755616563509], [20.75532873567083, 8.560322554647126], [30.92313722590386, 12.82557859299499], [36.73528733222524, 27.73688093678067], [34.8807400317693, 15.391038472458652], [39.43494815840239, 6.137799255003773], [32.15135397996687, 6.599947745934154], [0.0, 0.0]], "B": 400.0, "U": 2.0, "Uh": 1.0, "alpha": 1.5, "beta": 0.0, "theta": 15.0, "SD": 1.25, "SV": 1.0, "ND": 4}