{"n": 19, "locations": [[0.4021530443981458, 10.975932309172482], [38.972129431135535, 19.650063813448277], [13.969042045071827, 42.44689540409298], [9.672386948607775, 49.78821073397566], [13.13613925372849, 3.1200978537044675], [12.237408681702593, 27.69444166837451], [33.71516305420577, 18.010614079565947], [9.61656352566776, 46.18496253561301], [13.509744222215463, 7.16500337605318], [42.58811103492423, 41.70738825510925], [1.9205077035502727, 39.216165215051134], [33.45808322355925, 43.98765544167401], [7.178096878224066, 5.129174277644161], [36.55942783136137, 3.8821287709703167], [13.074762444840344, 21.335299642968447], [40.78462320652289, 2.804317212707308], [45.087414204655914, 2.7158715376549516], [21.956644392231397, 30.363457019467706], [6.577755974506772, 30.013810690641364], [0.0, 0.0]], "B": 400.0, "U": 2.0, "Uh": 1.0, "alpha": 1.5, "beta": 0.0, "theta": 15.0, "SD": 1.25, "SV": 1.0, "ND": 4}