{"n": 13, "locations": [[13.543042890373963, 25.821021644081043], [0.40812239978149645, 39.11811534653536], [44.87538618683285, 33.36480887223862], [14.732701800010805, 39.96322424909857], [45.727084171779104, 23.501673653277415], [11.421631223898038, 27.2103611715304], [32.873936187046624, 40.06266130984463], [12.59034070135026, 47.94378163168577], [12.72267689513905, 14.113059347360457], [43.75632796299033, 3.386376231699767], [7.870754765331017, 36.98284203135497], [29.90352739133875, 6.526594955311466], [13.75071650830163, 29.054280581641027], [0.0, 0.0]], "B": 400.0, "U": 2.0, "Uh": 1.0, "alpha": 1.5, "beta": 0.0, "theta": 15.0, "SD": 1.25, "SV": 1.0, "ND": 4}