{"n": 10, "locations": [[2.8114121911747727, 28.120065335785966], [41.18725650500351, 4.57966116826734], [24.66645767802067, 0.8559594956602801], [32.45348712836736, 4.983683135322553], [43.758087806261315, 39.57602013844222], [27.972030746857822, 18.121895542018095], [9.096891728850531, 26.655770885526493], [4.423194479614878, 40.017337665210704], [3.1966819257034707, 23.459037643788033], [1.9401844721137929, 9.4304641360349], [0.0, 0.0]], "B": 400.0, "U": 2.0, "Uh": 1.0, "alpha": 1.5, "beta": 0.0, "theta": 15.0, "SD": 1.25, "SV": 1.0, "ND": 4}