{"n": 9, "locations": [[11.679740658939908, 12.687360264358178], [2.550226095033575, 17.951749402483784], [39.988341959647514, 13.189641808736003], [40.454794003760476, 41.92728696653729], [5.572848346493381, 41.522684434129175], [12.917975632802536, 1.870882542150426], [1.7731005391019627, 47.82105716149991], [48.031308425662964, 36.21871837760384], [2.1961428115341963, 21.94504672427487], [0.0, 0.0]], "B": 400.0, "U": 2.0, "Uh": 1.0, "alpha": 1.5, "beta": 0.0, "theta": 15.0, "SD": 1.25, "SV": 1.0, "ND": 4}