{"n": 7, "locations": [[39.647286027614406, 37.11893915773848], [44.789215853043004, 7.11636154002116], [13.498522515038491, 24.434864357842244], [7.037894143834011, 5.41872188587984], [38.91975386297595, 42.36581920811624], [5.9814324051370775, 2.6223459574103325], [1.0570856472496504, 38.06801327974967], [0.0, 0.0]], "B": 400.0, "U": 2.0, "Uh": 1.0, "alpha": 1.5, "beta": 0.0, "theta": 15.0, "SD": 1.25, "SV": 1.0, "ND": 4}