{"n": 5, "locations": [[11.32683425456939, 24.219116658998214], [2.0150614009108168, 9.85111579675182], [43.030731525909886, 5.429559212200042], [30.24948031285683, 49.00774978906435], [22.608102378336632, 4.2556898374238425], [0.0, 0.0]], "B": 400.0, "U": 2.0, "Uh": 1.0, "alpha": 1.5, "beta": 0.0, "theta": 15.0, "SD": 1.25, "SV": 1.0, "ND": 4}