{"n": 11, "locations": [[20.455817072157913, 3.9463746917152767], [40.080299473871605, 28.56297108541223], [48.988399493242305, 16.94802019920159], [17.53085901792198, 20.89023629670625], [1.6295362520389656, 37.68083403009442], [14.562478861426287, 22.186966382297708], [12.740363023174083, 25.794768236888295], [43.46760137169386, 15.475655721022541], [31.62828420767659, 15.228310494885822], [24.740359139416856, 46.79536490577085], [38.92982613080968, 3.530873717347549], [0.0, 0.0]], "B": 400.0, "U": 2.0, "Uh": 1.0, "alpha": 1.5, "beta": 0.0, "theta": 15.0, "SD": 1.25, "SV": 1.0, "ND": 4}