{"n": 17, "locations": [[44.77279523512362, 0.42943550767706173], [46.97766526563219, 8.016216597240444], [12.486421595417507, 38.758347754404014], [17.00301046927606, 32.44186564395395], [45.84050834711439, 21.56350934270967], [46.97352226209069, 18.838037905281414], [39.04030671544112, 13.495820280148568], [20.448127647495646, 2.354354001978659], [46.623561753331416, 42.70124457690246], [37.32608091773129, 38.026332978590034], [15.07816094055468, 4.166610751235645], [36.098696595252896, 37.67936390478356], [40.29603678239304, 23.48934880430763], [32.44465226888262, 2.7399958502410895], [36.258636979207246, 6.714290901596021], [44.37810809407042, 27.667291056275722], [32.924621539166715, 3.4222793536734297], [0.0, 0.0]], "B": 400.0, "U": 2.0, "Uh": 1.0, "alpha": 1.5, "beta": 0.0, "theta": 15.0, "SD": 1.25, "SV": 1.0, "ND": 4}