{"n": 15, "locations": [[37.96377551449152, 43.44289887570064], [11.083433486908284, 20.843566410882588], [28.45443488202884, 9.20146684760485], [1.9226896827660878, 10.149262697090066], [10.705984578387378, 42.46648102922118], [17.406617728517084, 40.77043885732697], [5.858339841790949, 43.75354580429057], [40.95626229171924, 32.47996053388929], [18.616241095157786, 7.1736806505519946], [18.795488185680675, 2.1996786792729814], [40.79362655773595, 10.421964023272867], [12.359533270066358, 8.312854067300968], [44.76054317484802, 40.65011203436448], [30.80082913551693, 43.5255249751177], [18.15481547499298, 11.572679815770265], [0.0, 0.0]], "B": 400.0, "U": 2.0, "Uh": 1.0, "alpha": 1.5, "beta": 0.0, "theta": 15.0, "SD": 1.25, "SV": 1.0, "ND": 4}