{"n": 10, "locations": [[27.018107395060586, 3.303095191336347], [26.893467979534176, 46.20467585071849], [47.49793606816814, 2.2902056918503], [47.02453147754014, 21.76242495246851], [43.02690494672728, 21.007488761601252], [7.189844234847259, 12.31280853419165], [25.44842143714462, 21.074885001954485], [16.606165585921296, 38.705254641457536], [33.16482180293355, 40.53064635633619], [8.467385059044947, 16.572533023801135], [0.0, 0.0]], "B": 400.0, "U": 2.0, "Uh": 1.0, "alpha": 1.5, "beta": 0.0, "theta": 15.0, "SD": 1.25, "SV": 1.0, "ND": 4}