{"n": 15, "locations": [[18.325197423810184, 39.433840516031715], [18.655306767786968, 9.966463549712401], [30.005078831605246, 1.8385938635633814], [14.962626360921016, 4.276648754148116], [2.799299530125332, 14.607311139905848], [27.28939074979108, 40.10247117514992], [34.47040110119322, 8.794937452930885], [47.33372243064111, 36.31318821744159], [47.247654173460994, 23.95835806751761], [25.759656309836938, 21.212980486974526], [7.489243279956032, 32.20311288205094], [11.125127182566352, 9.539842926101699], [27.04511322938714, 14.479687466134811], [33.25244863013832, 40.775591131993906], [42.88395973683111, 48.62548763887536], [0.0, 0.0]], "B": 400.0, "U": 2.0, "Uh": 1.0, "alpha": 1.5, "beta": 0.0, "theta": 15.0, "SD": 1.25, "SV": 1.0, "ND": 4}