{"n": 9, "locations": [[9.43368957273696, 33.10556561868051], [38.56831056033239, 16.57305528625958], [2.600631434610462, 25.527336035636967], [36.55744374205799, 11.246180969829028], [35.34017919790048, 49.724367277701], [16.48908541872714, 49.43993327849215], [44.707870112028594, 23.942892250390287], [36.22079744459648, 47.02147865944698], [25.072115547777834, 1.0081696660227124], [0.0, 0.0]], "B": 400.0, "U": 2.0, "Uh": 1.0, "alpha": 1.5, "beta": 0.0, "theta": 15.0, "SD": 1.25, "SV": 1.0, "ND": 4}