{"n": 20, "locations": [[6.359803738930392, 2.899898134245488], [27.7475419994907, 21.68406985694785], [30.083752401088244, 42.92937577780775], [21.601963776957707, 9.929293462815881], [44.012900592363465, 9.189688580824168], [29.755170641529254, 28.51211265828757], [36.65308508362067, 14.181259104386568], [18.965943287381414, 17.535056506263615], [32.928290663895986, 5.938984699053984], [24.2922858434581, 17.371635228404365], [13.15975801322124, 28.202850398150638], [15.88073584809495, 46.22772718628049], [31.82444192293107, 25.024406962405294], [22.563338715774783, 28.553066428823154], [47.41682893900037, 23.547374845698517], [10.199334752525768, 36.79094456400701], [3.11811207677134, 36.21158881294381], [26.723727821654563, 46.91616538298853], [38.6918562383749, 19.696499092720288], [49.44796257204743, 1.6554939586358175], [0.0, 0.0]], "B": 400.0, "U": 2.0, "Uh": 1.0, "alpha": 1.5, "beta": 0.0, "theta": 15.0, "SD": 1.25, "SV": 1.0, "ND": 4}