{"n": 7, "locations": [[5.570839012176343, 26.198561060785607], [1.637083515263299, 7.748190449405612], [14.309992179946063, 32.26285388449114], [33.594284680254525, 25.28814978443026], [21.286370224114943, 11.022683873839572], [5.676719153917897, 30.64996072730151], [29.11163202163536, 17.400452165127156], [0.0, 0.0]], "B": 400.0, "U": 2.0, "Uh": 1.0, "alpha": 1.5, "beta": 0.0, "theta": 15.0, "SD": 1.25, "SV": 1.0, "ND": 4}