{"n": 17, "locations": [[14.381020260075228, 46.00502294258902], [11.208859975979452, 20.501344246346015], [7.8753180524544275, 46.19939116835454], [16.014263653355005, 42.553268108292194], [29.89414844610989, 43.900185374781266], [10.936112365220591, 4.067253623187373], [35.91024206777249, 46.744319992882296], [42.69866009882611, 6.7774830977056055], [15.003541149976218, 13.515468287451322], [10.388589002348148, 29.807815450673253], [7.881102063338624, 24.9977101252233], [30.89665340393305, 15.559101507812223], [47.95646042518988, 26.141353379382576], [10.280682690011117, 18.56078930522042], [7.6393826410081855, 18.019699683242635], [9.112540897657246, 37.43088108843312], [23.327459063824836, 32.341127743625265], [0.0, 0.0]], "B": 400.0, "U": 2.0, "Uh": 1.0, "alpha": 1.5, "beta": 0.0, "theta": 15.0, "SD": 1.25, "SV": 1.0, "ND": 4}