{"n": 11, "locations": [[27.46358279876378, 45.240673860455594], [23.341236674809934, 33.317113416486244], [42.620397611060234, 34.97078860598236], [41.64043688185799, 17.438016084386543], [20.79004736608285, 35.307325348842234], [7.792703476482654, 28.29191158397093], [23.166761264943364, 23.652396495103744], [26.832414322580238, 36.75114638065538], [21.642170099769093, 41.07195714302899], [24.15459244099495, 34.00851500115623], [18.074702130403292, 38.49854043542749], [0.0, 0.0]], "B": 400.0, "U": 2.0, "Uh": 1.0, "alpha": 1.5, "beta": 0.0, "theta": 15.0, "SD": 1.25, "SV": 1.0, "ND": 4}