{"n": 9, "locations": [[11.74949233730036, 46.648840208448966], [47.30125212014647, 34.2317967499962], [7.118940704427451, 1.3473628339614019], [44.67257569048244, 25.662499486769935], [39.36188667977794, 40.36163056843926], [25.103033358252052, 14.97975577536359], [33.00521008272991, 4.626040514758179], [44.2548080334599, 17.344255362192108], [10.629541571133089, 29.63704037383777], [0.0, 0.0]], "B": 400.0, "U": 2.0, "Uh": 1.0, "alpha": 1.5, "beta": 0.0, "theta": 15.0, "SD": 1.25, "SV": 1.0, "ND": 4}