{"n": 18, "locations": [[31.82999820343663, 19.12875856429367], [2.035358891152744, 24.42546792738195], [5.26376102982149, 45.700724660622505], [15.997501257636626, 25.741119932524274], [36.21525744963417, 27.669776056608264], [24.851165975996576, 16.063308786892506], [38.58265790690635, 21.87867584106756], [37.12641605356096, 48.62028123426016], [19.331623321403633, 37.77132530733543], [18.82034156891802, 24.177770907814118], [49.40259625059676, 27.52270005342438], [6.6318884490115915, 24.11843956560102], [26.660532992930204, 17.77240914729894], [2.0792850765545157, 18.6434712807792], [24.076689832465785, 23.591402987925704], [21.477888984717673, 39.72477120824349], [20.69583122853484, 45.79795221381183], [38.457298800037485, 28.813603299620823], [0.0, 0.0]], "B": 400.0, "U": 2.0, "Uh": 1.0, "alpha": 1.5, "beta": 0.0, "theta": 15.0, "SD": 1.25, "SV": 1.0, "ND": 4}