{"n": 13, "locations": [[30.16496835804586, 12.944755431542966], [22.2488007820428, 49.32523245384577], [46.330893686923744, 46.72297446946944], [47.38265165048963, 44.220805967399116], [20.139699216087585, 29.557778467115753], [46.16767158368704, 44.96460748662469], [11.32801600271156, 32.44744907977664], [10.196722214526222, 5.267826163835037], [12.134021639896147, 41.248979577719936], [3.02284758192502, 19.928766616532524], [27.154763230346134, 22.0507498613553], [34.81776017951007, 23.348930329304395], [5.250589124456861, 41.44895358126626], [0.0, 0.0]], "B": 400.0, "U": 2.0, "Uh": 1.0, "alpha": 1.5, "beta": 0.0, "theta": 15.0, "SD": 1.25, "SV": 1.0, "ND": 4}