{"n": 12, "locations": [[25.294142224921146, 29.19080437272632], [1.586641351286161, 25.626007860630594], [27.168043986080903, 7.967781639591642], [16.880922415480043, 7.157594104176318], [10.320258773676494, 22.289043535658827], [21.931745486156768, 1.2705824211554362], [43.56668741253662, 0.8338882884250887], [42.545523989713615, 17.385708069190976], [34.96851747002023, 6.985370182156558], [28.174763284972464, 37.47895481917992], [46.556054274061374, 26.72012982990627], [44.733115625760455, 8.5304711823866], [0.0, 0.0]], "B": 400.0, "U": 2.0, "Uh": 1.0, "alpha": 1.5, "beta": 0.0, "theta": 15.0, "SD": 1.25, "SV": 1.0, "ND": 4}