{"n": 6, "locations": [[14.367606357425583, 22.968533812906966], [14.408466214643884, 28.2059909562771], [19.748876304473377, 43.01569105539555], [11.029228372722017, 27.545699702845578], [37.13053138642015, 30.809490518959244], [6.270865883533771, 31.31869286888015], [0.0, 0.0]], "B": 400.0, "U": 2.0, "Uh": 1.0, "alpha": 1.5, "beta": 0.0, "theta": 15.0, "SD": 1.25, "SV": 1.0, "ND": 4}