{"n": 11, "locations": [[15.03978820095606, 29.6798863380306], [34.87242860158766, 46.12756223004158], [10.221704829428758, 7.243229392096174], [22.948848469590793, 13.93646107250312], [35.01267597342725, 35.81866761054813], [8.919175514770677, 4.744831687564605], [13.289906048685745, 48.21076278026674], [4.617142800140939, 18.865461478605823], [15.462846060769325, 31.750359628295055], [8.901867034396977, 19.766211290626774], [9.765108947896017, 17.506644779388786], [0.0, 0.0]], "B": 400.0, "U": 2.0, "Uh": 1.0, "alpha": 1.5, "beta": 0.0, "theta": 15.0, "SD": 1.25, "SV": 1.0, "ND": 4}