{"n": 12, "locations": [[11.852931978471737, 16.32599302275824], [39.082282708717294, 7.341377281020445], [13.766771283435414, 24.27527427539064], [15.498256555490597, 26.06971676900694], [12.673750296311054, 16.51721931885786], [38.91100771063421, 0.26996586787477184], [37.13661949597537, 6.240568732945039], [22.579960030043512, 10.679638430137988], [29.659283245790757, 43.392400279088235], [45.18350631791876, 14.402484221627843], [19.374489074906947, 42.30425532571498], [28.72216272399012, 44.54320951364069], [0.0, 0.0]], "B": 400.0, "U": 2.0, "Uh": 1.0, "alpha": 1.5, "beta": 0.0, "theta": 15.0, "SD": 1.25, "SV": 1.0, "ND": 4}