{"n": 8, "locations": [[18.916200716264747, 18.965297871245163], [20.520256616000903, 42.12579752581348], [15.791970857699605, 20.056304959414597], [31.28504116258648, 14.331040888771195], [10.062155211136286, 49.46788625372981], [48.60173135395868, 15.760130783570226], [26.115654286417506, 3.4149340589093304], [16.68733493003065, 14.454441622459674], [0.0, 0.0]], "B": 400.0, "U": 2.0, "Uh": 1.0, "alpha": 1.5, "beta": 0.0, "theta": 15.0, "SD": 1.25, "SV": 1.0, "ND": 4}