{"n": 13, "locations": [[17.78550974808097, 18.345566344759035], [34.156111725993476, 33.45907147538045], [40.85419956701718, 45.03467678678143], [11.714945489465677, 4.780581497649811], [0.13532872655050432, 30.36528658344978], [18.135956503828044, 35.54433817249094], [33.06278385699086, 43.17805636971677], [22.76271634045623, 25.651666553793383], [44.71796300521422, 33.640428064427105], [29.874221927025395, 39.35732646044509], [36.756371695617176, 44.066511146122004], [10.40776983686359, 8.033260740039733], [43.92746433917738, 10.889819757847752], [0.0, 0.0]], "B": 400.0, "U": 2.0, "Uh": 1.0, "alpha": 1.5, "beta": 0.0, "theta": 15.0, "SD": 1.25, "SV": 1.0, "ND": 4}