{"n": 13, "locations": [[22.818344158750254, 47.93132369744562], [12.92032294123281, 13.195340195732374], [21.142309917420548, 12.284481625791887], [31.646070117065854, 9.14534288092732], [6.639236387509556, 30.322783999225646], [8.19507896453242, 4.9554835951713505], [42.195670602979554, 38.424264733738845], [32.349906637250044, 21.328919753271418], [41.93826895105995, 39.865735670932864], [12.948744702566572, 38.588244558653415], [4.974532168353729, 43.02578656940402], [43.103183070881954, 19.32512322721246], [20.595978230541967, 47.13640467513509], [0.0, 0.0]], "B": 400.0, "U": 2.0, "Uh": 1.0, "alpha": 1.5, "beta": 0.0, "theta": 15.0, "SD": 1.25, "SV": 1.0, "ND": 4}