{"n": 18, "locations": [[2.5165288262165744, 15.677512412980427], [24.703089866895013, 43.915711842699004], [24.49992444809062, 38.12142735024573], [13.782482235554527, 2.1648625935221766], [9.120193825342282, 18.066898137877985], [13.192255262123814, 35.102007333815024], [18.03598077312935, 41.017982267011426], [48.43730865107569, 22.646019230169035], [14.86134471451308, 22.62741123825103], [19.890118717582904, 12.862607747390326], [28.418493117490012, 15.599798943087666], [32.595498491536326, 20.398849267149625], [2.7493736298303983, 32.90375036287654], [7.382683627444547, 21.497889870225094], [29.6711341475536, 31.795280274405453], [20.125457319107852, 18.87643374726074], [42.489776396213614, 27.352810467854965], [6.990926916417406, 38.37224412746923], [0.0, 0.0]], "B": 400.0, "U": 2.0, "Uh": 1.0, "alpha": 1.5, "beta": 0.0, "theta": 15.0, "SD": 1.25, "SV": 1.0, "ND": 4}