{"n": 19, "locations": [[6.138489646947621, 41.68079546253697], [1.2286715317791685, 33.462211554404156], [30.455711985980642, 24.84042078925305], [37.92486684697828, 16.300781986488218], [46.449420746643916, 2.897652944197371], [47.50169412114275, 40.306368153380035], [15.186523108094946, 43.79110427626496], [42.63639105022838, 22.11934068491696], [37.351148201849234, 44.88481318415487], [18.781324778893392, 13.704109669677067], [47.842894625668045, 21.117152528057375], [7.010649018919524, 40.687432827128234], [6.934947594611939, 27.170547341896363], [30.544047387346673, 14.402900982833255], [11.37983134161275, 1.2822682667516516], [27.57849049491669, 4.923393619683503], [38.08813301937306, 17.03688975305861], [48.53380013025414, 35.35717048323533], [36.472612855181794, 28.213330400209607], [0.0, 0.0]], "B": 400.0, "U": 2.0, "Uh": 1.0, "alpha": 1.5, "beta": 0.0, "theta": 15.0, "SD": 1.25, "SV": 1.0, "ND": 4}