{"n": 15, "locations": [[6.975462202606258, 45.77477648789552], [12.436336614497822, 3.0149716538162172], [4.123381962514117, 40.63571329428402], [6.351436305364889, 7.181227420894482], [48.87088384809624, 23.968501615641856], [0.14208566675550927, 29.31635255179884], [23.050286236702195, 18.185945376692064], [7.1677772695887265, 0.15840706340479183], [18.011323375092104, 34.843029684104486], [46.82747942214714, 1.3946452479760008], [16.687515842844775, 27.11823064140909], [49.27888280481652, 3.222400679732196], [1.028945065743031, 7.971245579953889], [16.942295533938484, 31.26126614267405], [47.06131285664699, 29.147449013096725], [0.0, 0.0]], "B": 400.0, "U": 2.0, "Uh": 1.0, "alpha": 1.5, "beta": 0.0, "theta": 15.0, "SD": 1.25, "SV": 1.0, "ND": 4}