{"n": 16, "locations": [[35.51847194911143, 21.406984614257862], [44.49895435515279, 39.587834877491], [9.664130090407962, 9.188779864125868], [2.7597881495693697, 31.240423878172518], [38.50176448226336, 24.222188599891183], [42.36849811051077, 44.68281020307675], [2.237950601403993, 13.848852978523652], [27.47071151348534, 14.710940903758457], [30.87467461004237, 47.78933040439947], [34.06260294242369, 43.04734670021283], [26.656538723581953, 11.285565764904465], [22.02472380530142, 37.092158651864565], [21.915867082951397, 4.737351892384028], [25.235581721146456, 25.5051441684346], [3.112697503448131, 26.795314612966347], [1.1774616442118746, 13.122448897060568], [0.0, 0.0]], "B": 400.0, "U": 2.0, "Uh": 1.0, "alpha": 1.5, "beta": 0.0, "theta": 15.0, "SD": 1.25, "SV": 1.0, "ND": 4}