{"n": 20, "locations": [[24.430134311836127, 41.64225971726152], [31.21282850099914, 8.656450080011545], [16.723103578292054, 34.268058675673984], [44.90124979005794, 26.315890440086193], [23.07804846409367, 20.689803338714007], [0.7647726175315006, 31.256460082240395], [13.689136806796947, 31.004076256620273], [13.382044700443107, 42.67082661189053], [31.44336693021952, 6.19710436850251], [10.320211838004244, 3.286001847778558], [49.479110004751625, 25.29425789552991], [46.858338897818534, 24.426490467956164], [7.334497054201977, 36.07001216448171], [5.54548141726513, 0.7651434202630147], [19.945257907695957, 19.63193491510782], [49.822987968482614, 0.9178053286254095], [43.17406070068084, 25.913073841451173], [45.138390062590766, 18.38721313805309], [33.760093436317256, 13.140554041559744], [14.662573035351285, 29.20932425184632], [0.0, 0.0]], "B": 400.0, "U": 2.0, "Uh": 1.0, "alpha": 1.5, "beta": 0.0, "theta": 15.0, "SD": 1.25, "SV": 1.0, "ND": 4}