{"n": 40, "locations": [[49.169666822437584, 30.971214293751924], [10.121365605085803, 36.67738459733479], [37.929915052526574, 14.14563285910701], [47.54980269944029, 41.06538365612549], [28.55321905270421, 17.428320705224664], [49.48375344782573, 6.155708431126566], [41.64365230496273, 49.340188731044705], [48.20548212299183, 44.88315958381284], [11.743014496943067, 1.4849817330019832], [10.600821352775508, 43.07690833025643], [46.39683035325385, 8.014497717205183], [32.81597249133778, 24.241121832566222], [2.2639872187545764, 12.731578066289561], [47.5102435291776, 41.03569697106625], [25.86353465100582, 14.676425768518564], [26.2820243596102, 0.2449899644665965], [43.33669144618164, 27.344298198399397], [29.558183543555128, 16.438526160898988], [38.939904237054726, 12.367867543966893], [6.48979711843583, 36.116816011980994], [17.865351708270822, 10.418044830041884], [2.0079790017695665, 40.68385743896865], [35.10345897963839, 11.31206836289364], [17.489903145527013, 49.66691114488241], [5.888885164642504, 3.761215449692928], [22.373702884027207, 48.90698632640421], [2.482832269290114, 16.000465623688378], [4.908820278311055, 30.934600081166792], [12.258987667569944, 1.788190026983838], [0.5455778282237922, 48.86415563917224], [5.21125620139713, 31.568104254495054], [37.76395601077678, 2.5310413933374134], [44.10681361532916, 47.38647583323284], [26.60491271012239, 21.25653989606243], [28.050398287857575, 17.49626280851247], [35.02926288465126, 34.70091143261968], [20.709298972124486, 14.342953308837664], [30.007875356467554, 29.589287388693215], [35.3266599345607, 22.578038214812622], [45.70671028876993, 29.333984606815903], [0.0, 0.0]], "B": 400.0, "U": 2.0, "Uh": 1.0, "alpha": 1.5, "beta": 0.0, "theta": 15.0, "SD": 1.25, "SV": 1.0, "ND": 4}