{"n": 50, "locations": [[15.088553533096011, 28.016056537815498], [19.17790433579255, 29.33920545602669], [4.866624037454698, 21.08951872174119], [13.628208172220935, 17.280969590817264], [45.6613710005052, 41.11832794094049], [2.9177245195900756, 8.2472352211641], [26.416246150526636, 15.572674903575717], [6.816785034484796, 0.13354419280856566], [34.23059202054563, 20.10112801641168], [26.670584580045908, 45.342439161919735], [6.156990035377224, 14.83133908109186], [18.02534919208104, 35.21238834575272], [27.36385239350838, 27.205581323056776], [47.50524210822064, 4.462605413521187], [36.76008532981751, 2.682251423634713], [9.293764649240776, 7.324907092228], [4.685495862101541, 37.614964328651226], [9.553267017269974, 44.01996768163673], [2.725850695443782, 41.13385266502384], [48.669995604011824, 28.313131320688605], [2.9884459425185197, 13.955938923175854], [10.827239378138021, 6.43660052921331], [5.831940350226872, 2.877899396781708], [40.4823681215521, 29.714803554785117], [27.25113454798787, 37.70938279150057], [42.442580914342834, 45.38229431907572], [17.951940763544727, 31.402007124241994], [18.7379140109866, 14.721691598312269], [11.89961566803579, 2.627078728549642], [16.505478126850605, 18.657807192294673], [5.826880857240613, 8.498277478423377], [21.631213151268163, 35.397695448922676], [11.560689141930446, 19.124849565158602], [31.18117573682891, 34.0531613759091], [11.739948580616023, 3.5455721429773215], [49.12597108970625, 1.4119155233159653], [20.76410696800717, 36.573392656128505], [10.89622273735616, 47.29095738885946], [31.402418660979926, 36.38365210112714], [12.179161037660602, 46.50644833555238], [45.0943384462932, 36.2175296038125], [15.216135062782332, 27.8503395789727], [16.294809322026392, 15.420394888121297], [17.84855385408114, 21.003349708053708], [21.093784609649337, 4.713841968973348], [13.625468500825955, 38.11909352951805], [19.60324382163961, 28.03898744852737], [24.010468443166843, 12.953931016737153], [10.598665605001894, 23.35290609543998], [4.461629722894372, 38.24703453617291], [0.0, 0.0]], "B": 400.0, "U": 2.0, "Uh": 1.0, "alpha": 1.5, "beta": 0.0, "theta": 15.0, "SD": 1.25, "SV": 1.0, "ND": 4}