{"n": 60, "locations": [[5.700856160415557, 29.327463506776812], [9.000197577621021, 45.50734916039637], [45.717458202330434, 29.569764914762025], [16.07369859404118, 20.193774584139906], [32.26011279629536, 19.795561454405448], [34.64551490807486, 5.307586864915459], [27.900344574242396, 17.419813457253237], [10.877366797857913, 36.60627991666816], [44.410826256043144, 16.613092359978847], [24.035905155664633, 30.956601828436114], [7.8926623449897875, 10.10496531465498], [18.026651150461863, 3.1753255492709243], [42.783366409469835, 41.65386937923553], [20.616700348298867, 28.94370524768286], [36.60650010819479, 23.882780781813917], [32.65049578459661, 16.208821606050595], [23.625457329684746, 18.39183606034091], [38.81006404006089, 1.1720232634518157], [6.500784538308391, 22.068368749126233], [36.15535552244887, 2.644979332340558], [8.269487281566573, 48.317104687157645], [45.30035659811536, 18.82018201309234], [12.103856890549498, 22.48658595338513], [47.39185684985106, 40.523756728647385], [25.69103513502916, 21.916309671956668], [31.442182328087, 10.949627054692023], [48.29668768318051, 43.59794804696677], [48.08774571866689, 10.55160671801756], [29.902289892651098, 6.730988268665267], [40.52874552049564, 36.404292014177436], [35.56656683530593, 33.7871572380798], [39.294249556755275, 33.86667717821298], [41.21729558999516, 4.004418489433281], [48.60361474936166, 44.23094513417994], [8.80573548573757, 41.04538078011503], [36.21007878644899, 44.72001449451579], [23.007990090792095, 30.295113536046546], [47.3568437036426, 33.99968500001865], [35.66553901072751, 34.820928947346914], [31.738325539632584, 29.716067548405732], [4.916738453806035, 19.529005196394163], [5.323922594150954, 44.96452563123325], [1.5829090700535842, 43.831265110817775], [45.7208205732298, 13.333137408833966], [28.704569428013066, 0.8059997857942536], [2.9970063698367966, 30.879072704534238], [31.738376751010914, 29.822317576546443], [40.75191153301232, 18.04071371218302], [4.203549472378248, 31.630267355079866], [41.1292384414992, 9.933719233016985], [5.368096888993007, 14.94353681451165], [26.484278591576942, 8.751958070433824], [3.4001639265281436, 49.22264239023231], [9.755491276413908, 30.95102627038925], [20.46435426639448, 34.347900394049105], [7.721951663820042, 23.64592904923789], [43.63687645902635, 1.1768751428634983], [49.31639677374796, 15.726513922886786], [33.6616955088391, 44.647569712780864], [26.546997101616448, 37.08597543262043], [0.0, 0.0]], "B": 400.0, "U": 2.0, "Uh": 1.0, "alpha": 1.5, "beta": 0.0, "theta": 15.0, "SD": 1.25, "SV": 1.0, "ND": 4}