{"n": 100, "locations": [[0.4126603055561562, 29.544069521532784], [46.40314301493979, 47.28463402791447], [38.960800382119515, 47.95311227887137], [18.316814988876423, 27.843892544604216], [35.321491791323275, 22.049795958274277], [8.664005990540618, 25.177962523624664], [45.423006879945866, 8.856111403658995], [39.77746767742868, 3.66698698345696], [16.00300009660306, 21.337635871946535], [2.668377367144731, 38.96013837608948], [15.674039965557407, 20.77946256561582], [12.808562133814261, 43.655702630259356], [25.520396593154043, 45.387665722316925], [9.768200032892993, 30.19716063400112], [22.079182888396293, 5.726083298267332], [40.46684619857995, 49.00401486245446], [3.8785569415728363, 29.659404772234893], [5.650557836158743, 18.568437187334542], [22.72923465091563, 6.742813000358816], [42.76117216306151, 23.35951391013669], [39.53750460114666, 26.5353007632175], [5.759802971950522, 27.186108763341636], [34.61275936450664, 18.200828254207778], [41.712745783828026, 5.039825157511202], [46.73675121566765, 48.094046644629074], [24.088789393837583, 40.291683588705936], [23.695021468088157, 23.439725298193842], [15.068152476594976, 30.115331970107214], [27.353705969065146, 43.56850018551454], [17.562312622577974, 39.85286095590928], [1.1134550029239465, 34.02900164740444], [47.809703156878186, 1.510441469076651], [28.452792893942423, 5.130043404196], [0.9047167297983327, 10.733931454585955], [19.334830060380163, 17.448359755533726], [8.841908894650851, 17.718155857149515], [27.487199817181168, 31.561539971301837], [49.24616049071122, 14.467112699536905], [18.337082908057756, 46.05267624561104], [24.71628794746482, 17.869511590353877], [10.602322804869646, 27.656650438106368], [47.309556519398534, 48.71288262941535], [13.147061166625729, 6.023135753603398], [33.633216429719084, 7.104487323326753], [12.102659080365857, 10.599569518710833], [32.846719975457766, 19.47605274370414], [15.107089133974899, 45.518771467264955], [16.731213143700845, 47.06700349068399], [16.82403244221912, 11.199845968283], [24.15306517663543, 0.06819680019993779], [9.694247273820118, 40.46823017396116], [1.475426541312752, 41.98522625674775], [43.33638372597184, 8.135700549278885], [14.559243024710666, 39.226962855918394], [33.89856944507426, 33.35115104969872], [27.546470238472608, 13.588835764212664], [4.814379954998599, 7.891333896635954], [12.33100249021587, 10.112038009518082], [33.83834390194988, 19.856478829329127], [31.226205860681095, 32.80584519285667], [0.27552364357211756, 21.776336491899233], [49.92692916841759, 45.38900953444641], [19.422585894160626, 43.45971303011024], [23.95601037625335, 12.109353114682031], [45.869614498184305, 38.0082973646163], [14.866812785191975, 0.5302051215995307], [9.030062032862313, 9.822346533704929], [43.3882845083344, 24.2663848836284], [14.432736753878544, 21.536754332312103], [26.871020706281644, 41.30645862477439], [44.81917596901751, 29.527311170193993], [37.62021085114123, 24.492233927637734], [11.719353266206506, 7.892904443943016], [16.68384188158467, 18.378293267576634], [6.250244834641533, 42.11015050412737], [42.15176769333125, 40.40123129168811], [16.685897768320824, 45.91897383368392], [36.73469710812177, 41.36380676166598], [32.21145163507334, 11.810480624748287], [1.8628886680526313, 40.72764765796618], [32.933872188862324, 40.931894461607435], [45.60217641324877, 41.64793712235143], [39.20872599212148, 9.301839879868556], [14.427573984094444, 23.97980653172343], [20.937397540824193, 48.7652623308197], [33.28570099219325, 49.01613323968831], [30.35454837225417, 19.09078059247557], [41.95854866707742, 38.09921955756338], [19.794953329863386, 31.143606317291173], [21.980144702874878, 15.072437431083774], [47.82284089323016, 15.70989955056904], [32.016681173499954, 6.776979934032096], [1.6043397556313066, 17.698676622814062], [15.824296376220676, 41.28994162621486], [48.11343091873105, 28.607533365396144], [40.98966281197711, 13.15984755509525], [30.395292720257792, 13.2650498011187], [11.796867215308609, 3.9090044742258243], [1.6937627336912398, 22.24689437965163], [42.34177943820274, 2.63783826414572], [0.0, 0.0]], "B": 400.0, "U": 2.0, "Uh": 1.0, "alpha": 1.5, "beta": 0.0, "theta": 15.0, "SD": 1.25, "SV": 1.0, "ND": 4}