{"n": 50, "locations": [[33.42064237136119, 13.68737988251591], [34.213582990794414, 40.06833780472292], [35.373452739037944, 43.667852707951354], [3.707425304341977, 21.54794804345062], [16.172405412918344, 36.05446971117485], [31.43339148751339, 38.66141543855422], [46.37657702126414, 4.504570335769192], [25.596345470534697, 29.934468831937593], [21.341329630001322, 19.694032768874948], [6.491164997910315, 19.06856000994461], [13.295697924907357, 26.16631306035187], [18.782668457814378, 37.985167815998835], [10.048342601194783, 43.475821122751704], [15.84991287586735, 2.054506848767673], [1.6495852665845079, 31.224817560486795], [22.71935850340676, 49.21473146880939], [38.140356273261716, 2.7344469514021865], [7.296252921618324, 12.595303440401063], [44.085435591823625, 5.270149593482854], [27.64425995019898, 12.911746696732395], [43.58627451647051, 33.84598984030408], [9.36012146856453, 44.514843678489726], [32.446079675886466, 40.03904109825939], [22.72193635142567, 4.677843145465865], [31.56501520906537, 18.696634419338064], [10.586118973641668, 33.62810290908854], [13.8665883779717, 25.950817350318268], [9.271687400154816, 9.906982349284805], [39.19643473988226, 48.600178817109466], [48.87342194304217, 12.513211615092523], [35.848947924630785, 15.847291503461436], [47.10739216507569, 37.26196438349822], [2.2748420040865636, 13.597065497416539], [21.226775306579025, 13.370148245073372], [31.95279800084328, 6.435656691317426], [16.958095043075833, 25.697988382244258], [42.54923673359899, 32.02891910619219], [29.64864579275562, 11.953915647733188], [39.497872928319474, 47.355776474683424], [27.21203178158047, 45.10749703610193], [42.32409335609262, 26.80238423367201], [31.900491130881093, 41.3965092703196], [10.511815923752344, 6.899235058027042], [34.343212043324236, 24.815141384224443], [42.565573321351245, 29.316878809419972], [17.989061137970836, 36.991888295039544], [7.249187620476638, 21.252114474523303], [28.144528589646743, 30.47994378429409], [15.037807845823565, 6.786596251310223], [1.9146282670280845, 38.18299393146764], [0.0, 0.0]], "B": 400.0, "U": 2.0, "Uh": 1.0, "alpha": 1.5, "beta": 0.0, "theta": 15.0, "SD": 1.25, "SV": 1.0, "ND": 4}