{"n": 250, "locations": [[7.491465361662475, 21.604956382392043], [4.8744367720697905, 15.680043715588631], [46.640542700262245, 24.721970366364125], [30.261154300726773, 42.931098888443735], [43.80504098652345, 29.29539002717556], [30.709555350133456, 14.273799596485775], [48.77962670585062, 49.15753281202967], [47.381664736298404, 9.362195125649592], [21.240462135457356, 4.680345602548313], [5.0201302280294176, 27.73056228374862], [5.0664121382962115, 49.884230974325604], [12.704040523175674, 12.977503299099908], [32.09814839692375, 2.4161875135755073], [2.604239702799921, 33.3249650341857], [0.8235132363165476, 33.99132892396363], [33.745008030063936, 45.591430047977724], [24.89139602295662, 17.295067143827588], [40.87722016495764, 7.084130332018312], [24.494870470783102, 28.757477017555217], [24.585743251852477, 43.98172026071117], [44.93309582734194, 17.189044525222595], [17.33002132667267, 12.65543765495255], [20.41161710639529, 5.513091517851315], [17.017769822590562, 41.57837375120201], [33.91254573743818, 15.357719142385045], [49.4159250801564, 26.55312389239766], [13.940649161313196, 11.058155346376514], [25.853025898974447, 5.898222040865431], [0.9035129655734386, 0.8742125002111634], [30.28668490233779, 43.320895849233445], [48.54016175039303, 27.046853004840553], [33.475858366722214, 46.64797061128369], [12.256806330484626, 19.075460695166207], [18.82567919335702, 33.68233872829351], [37.538073222692496, 45.418008577816735], [14.139235185486571, 12.327373596604229], [39.145993861358086, 40.92718295315624], [26.823996316903365, 36.43828403204756], [16.7985740214259, 3.976104814045134], [30.91128853390504, 20.296408872326428], [24.04750519768249, 29.86889489793644], [1.6204622028110238, 14.148323203478629], [36.59847479663759, 42.04722851132981], [19.61714648382886, 1.3884061653549828], [34.315055244134385, 49.30809279417075], [39.907271379402495, 0.3832503259012354], [14.910860114410024, 6.545896684509151], [49.597932056708494, 47.94797844237967], [47.66385994067284, 8.017926336113646], [36.33873416011848, 29.38045749806063], [40.37780074509248, 28.645441237727887], [41.09573871572854, 1.1625645889199232], [40.21469799705585, 6.485644225338705], [12.993496431075268, 5.0707023596086644], [5.804874621212852, 12.393236079561888], [15.346108983500622, 8.772138109402011], [27.284687231439197, 30.974664817775206], [16.38893810840526, 12.572055248849473], [28.96694176826867, 23.01458918201226], [4.585059887819787, 23.718617659589896], [1.982082020670639, 27.273217705730584], [7.986354748318275, 24.47486169973366], [30.858300296726572, 0.24561622844148645], [42.08180988006042, 10.253848407467881], [6.0392722491495965, 18.11073783929767], [44.9691904694534, 30.73964342495464], [5.070062958506933, 34.27058722679534], [26.96972340230044, 13.716175098614263], [8.190638495368969, 17.98320645302366], [5.8354132976081, 10.69076616568736], [20.618168340188213, 39.043595757359235], [15.430073127102222, 45.61014904279001], [42.61927383030491, 1.1815728681190407], [6.36538951693541, 12.211193989121899], [5.825830830223905, 6.282796918752654], [0.8576774954133559, 28.256499090089033], [16.598555918473213, 23.457160544153254], [6.219123478712568, 28.45141675221747], [22.892903889032883, 47.3679990438686], [30.6482065074296, 23.28142713611597], [10.01735802983284, 31.165970334771416], [21.326552826273648, 28.408071386866933], [28.942882819485334, 16.302667299927553], [11.010052408212006, 6.9350793416520675], [6.305908656505227, 26.21998336824151], [39.28673778839574, 29.610155151368357], [21.8027968781889, 36.74628711860699], [9.872776101419307, 47.15443550763177], [27.16644414532532, 24.326045616854053], [10.571969167910822, 7.526663963940761], [31.187802329582293, 16.063414660620968], [43.21844137767664, 45.09273173501754], [6.1169522546801245, 8.506247631066838], [20.805949067733337, 33.30116280485064], [36.82838878495166, 23.147588588818696], [2.3684429770134905, 42.275475802567286], [30.457069561230764, 24.384578718850648], [42.20047854405639, 37.60003163191556], [12.367210362532632, 45.57466211068105], [31.631669586137928, 31.78074810289855], [11.168605132447112, 35.759666713657836], [7.3929019130477505, 14.904162635008328], [42.608024030475626, 22.274129198596626], [43.145164576861575, 38.561488508186926], [31.28779208021319, 48.539557201752416], [22.67497917853929, 12.728940362311192], [20.499047207617327, 25.138724047809735], [20.977757419969905, 34.67482261405497], [26.09645257925156, 19.834062991991708], [45.53104319453135, 29.31021317231669], [17.377780590144027, 40.07217651606887], [8.562791317785573, 26.418440334097788], [28.17759994184117, 16.19892286964727], [19.61210415051953, 37.09069276587926], [46.980200956951606, 4.847258127483645], [10.757907294672064, 5.15870299684763], [25.715667249352865, 31.242506440245887], [4.255307487090243, 29.541766081704274], [8.352434140369624, 26.482729426506285], [17.355075585641185, 33.161533169596495], [11.464576863452224, 49.616815801959255], [23.20212011716692, 32.62503403379515], [8.428584500883474, 49.57948410053826], [33.06650225268051, 46.77477949980081], [4.075493227036592, 40.14025039735435], [19.084831712663096, 49.0799255572861], [33.198146515265556, 41.60639870931387], [37.56693481527789, 16.757423725431302], [20.39745081760666, 11.664780497710453], [10.25671071013139, 45.846318274619904], [24.923487778910392, 1.8422465095697116], [31.283448492001252, 6.372699453311014], [16.51835022493582, 26.259597504084596], [2.119069277045149, 49.389272234433875], [16.300746142882865, 36.653063517654545], [2.2182816294424814, 25.839826828510294], [21.646692806275343, 3.8340477032051123], [41.11991629534156, 5.767901588583014], [49.42548196404965, 11.121326715112595], [25.26973163046839, 43.945884401094546], [48.09519148693396, 43.51631162860391], [24.302051661885855, 1.6671969316838176], [2.9905029290300424, 44.55280502015814], [33.25330189565086, 27.01229339094393], [27.438010138986634, 0.33499555765652], [9.192154276536796, 25.707118559416458], [4.501975609349829, 3.113745475421231], [46.625257258761124, 3.3439002254235906], [21.517910292100943, 47.95444002148187], [15.832635555842856, 42.35530146886197], [39.53648903633465, 38.284190244778166], [36.26655591008871, 38.23319375244251], [12.515089284455904, 43.90555545523014], [23.00053008916178, 25.173913629669975], [13.919405734655111, 40.12449143568319], [14.971581011460755, 4.399247294501385], [1.10391381000558, 32.81016427706636], [46.391130500788805, 11.019254265520662], [32.17183096782266, 19.48283070830272], [32.83021465135061, 34.08695241799377], [12.597802760788385, 34.61216729393257], [46.03195348783847, 12.717971695909668], [38.33398777404613, 23.693099812759], [35.155663966996, 46.272374580824035], [48.3412499600681, 23.457462666055974], [21.9284555886201, 42.146384459507466], [1.9731767822243451, 19.90835386321677], [36.9833026214618, 30.12235885661589], [12.597097797194712, 35.35700265145147], [39.886655569742615, 45.833447021354615], [45.917168529644265, 26.711644712270672], [46.45049717883059, 47.12207681625872], [26.02235624491615, 45.204854987572176], [6.053143325330451, 45.136464164141536], [23.410299906341297, 21.418503944484403], [17.33121348760066, 34.93611198175597], [39.132613024791574, 9.185434126353197], [47.30412262508275, 45.43556938878437], [0.4051261972627118, 34.815262527081984], [30.764462038211764, 0.9533156443444823], [33.42013698928923, 49.11131996990012], [34.48065822167054, 6.920611565687162], [2.0504280147319087, 8.600239113209968], [32.82765398576123, 15.469455494138446], [16.069437317143244, 21.79888217182081], [47.77021517552304, 3.5526889572932427], [35.667420378721154, 41.411737891031315], [12.753982832518673, 8.645925628834911], [20.96685512668315, 48.49083813141311], [14.378619276715332, 23.876763817276302], [9.917166841379382, 38.29889376609239], [30.492665403139846, 41.35462681603311], [28.841948759699132, 34.487194938231255], [29.992368978554513, 45.57123286167657], [49.40999338731875, 17.972017096401704], 