{"n": 250, "locations": [[22.021738486561272, 46.356545598474455], [9.837763795423987, 42.70248098954259], [38.3361731249664, 25.673855539534767], [23.47501644660689, 3.8186107907440316], [44.28655022845956, 44.90735379838089], [9.773785854583911, 21.91480189063382], [29.1004467889313, 7.408594716462874], [23.636329613248275, 30.29294864869161], [19.38103786056768, 12.340470689272848], [25.41592751294846, 6.58745067528797], [22.548070307119378, 22.840648713176904], [2.674130066885516, 45.515519353737425], [23.4591899694142, 5.631064234266936], [48.17817716990222, 10.023632616920143], [31.798564677158943, 41.4792690969497], [17.847257145037588, 21.380994407188453], [43.27718552302384, 45.59802635365691], [34.28401286034352, 42.812453192773695], [0.5549962826449317, 32.897736645352936], [30.06055951604249, 42.40185206156483], [36.642132410594975, 37.36511475632589], [2.465856633693031, 4.867735878872575], [10.790145584497118, 23.407477794254945], [45.98924213538999, 37.94693228424134], [16.887894856546865, 19.509360105576178], [17.53968574406558, 11.582671335383715], [18.366863865699678, 18.81956229704929], [34.701935066219086, 13.359820743141965], [22.646225139828097, 46.85685774326998], [29.122337244763337, 38.808673743521624], [37.73735798576551, 37.3047473117158], [44.388577163053405, 49.61184733193036], [16.241453988780645, 21.19359154165934], [30.78866123098795, 13.27260277532451], [31.87367976762098, 27.718490896486834], [7.465142444036033, 32.21862603379859], [31.358096950571323, 8.664086218384492], [43.11636469886212, 45.42484343823737], [16.590299657049627, 38.076451189037044], [11.29974881748118, 7.130740003782726], [44.57167065044638, 32.1419989028569], [8.177993345146394, 16.73919145029859], [49.33413941125488, 3.9486649062292156], [10.227712760958363, 33.723889388527255], [9.984468959763316, 12.495412454075671], [6.989609938249086, 7.4187417457442], [35.85969582741405, 7.949890088364059], [8.626098406460253, 15.852584689809934], [38.11308433896094, 3.467061361662993], [9.137852999677682, 9.91302037047525], [17.577763764430905, 32.1927876199325], [5.918152438872743, 38.11032685595672], [18.20572109810399, 31.049449695222066], [11.477909646701272, 39.06494719928968], [16.881099342068033, 7.8827975162692185], [12.380656952348822, 49.00325579564728], [11.976448192676331, 1.9254209927670352], [43.30356776911105, 19.568367375376987], [37.016537109256404, 28.174244445702517], [29.163801765084465, 31.934323113069873], [16.30822939356592, 20.673246476945955], [1.6091125011526153, 46.85195471310431], [44.68189993179352, 46.965170004418596], [40.33227523793275, 12.907784421861312], [0.42344945544596224, 12.673095062413909], [16.95820078732598, 20.103429229239584], [20.316370335922702, 11.184344136923002], [39.46158449626697, 29.794473701772382], [0.11357643209147228, 33.20304764988478], [32.30929513557817, 10.697430783992223], [49.462047874230706, 6.105768590702965], [33.06714758994035, 48.58779578639471], [49.52332330448868, 40.32068722587375], [39.270471519991574, 24.801247802453574], [12.18347176482143, 16.978273075150653], [49.831707197575135, 45.01080247039055], [30.896671148894928, 41.47424177719925], [44.74024023131657, 46.49747784468508], [1.9829816617664975, 32.704315847577675], [23.53520435576132, 38.09410188033976], [17.826019814489406, 39.10754186263038], [20.482777587582536, 6.68807321921423], [2.5150955529300467, 39.27741018769627], [47.52207869201124, 23.129342311472644], [37.973355810627154, 18.128546949764125], [37.04758131931584, 45.56254458943635], [31.494988116205576, 16.588785793934225], [38.654163907521635, 28.63964376117929], [48.4998241977936, 0.8517009642743989], [25.553227327710857, 35.07031979817691], [48.34708542256431, 18.88267801945726], [30.454544234996778, 38.3579853447367], [31.950410511911564, 42.84113043162346], [27.127132558427803, 37.38511879678036], [13.955133975060201, 2.36825650521012], [47.59480312972588, 42.0287316631978], [44.571738143827574, 5.362097569291718], [28.528053760890714, 37.10698266825824], [18.325031658476888, 36.4499375508454], [41.02022431229566, 46.700497963638156], [38.43552532054054, 7.830530083238097], [1.5603565259896757, 36.345617083260194], [40.85840227072921, 34.37388002135787], [29.253893248485795, 49.26152364997968], [26.286620683150215, 44.24258019171293], [43.900593219186995, 1.5228892421581652], [22.624750259564813, 36.80042135417268], [20.526253046912686, 22.24819961624191], [28.548013377237353, 44.831258605255755], [4.83315742903942, 18.02075277431602], [17.915777061712703, 26.00163606892345], [45.65580121433425, 40.956530008176216], [36.190516194001695, 2.6083438159234085], [9.089574925056926, 28.14735257458409], [35.18698567969497, 33.702321627755985], [17.83492518665336, 43.319919767463624], [18.22513734908146, 48.10499941210262], [19.702809633233038, 44.170307741240485], [3.715562511811793, 30.68623193287255], [29.900037947798864, 26.096818827840895], [42.54936569311231, 30.37454478534966], [30.554251922367804, 48.8590633187918], [14.749461857345725, 20.273705907154348], [2.00285896755088, 49.09785603008172], [6.929997813630573, 27.134827081933068], [33.6961662451992, 17.70624003020974], [43.22209393019266, 0.6254885489533679], [7.979198947421873, 43.62711128668082], [9.17375397008396, 0.5168321326560921], [20.542392390710862, 24.67770872083024], [26.752170530505907, 4.36415763606191], [31.41973001454637, 3.4031769382314616], [39.331240980886164, 11.463125405253354], [12.385244138360319, 22.710242539249982], [27.982316076596337, 48.63208136859125], [28.46032569676662, 28.01685133622512], [48.23663414452133, 35.320111735923255], [31.362821842826165, 31.288490125425504], [17.236973822265355, 9.865998006075898], [4.623134087186126, 6.025860311391362], [25.98600589786928, 32.67148261044772], [34.31088196516184, 17.927195331289763], [2.1008228597786447, 35.99456622122421], [28.798185611279596, 7.989851724722158], [27.80607672616239, 33.26397043367952], [40.55332294510257, 29.811551745581788], [26.476724304432757, 22.826661930625576], [16.900900030267103, 23.229129982017533], [24.081017889848265, 8.953145167838894], [48.45508811657326, 37.07547468022797], [5.591831680922699, 5.489453134438454], [25.85684827959152, 17.593612223933437], [46.37542866297539, 24.634685561259484], [44.30974771390332, 9.829169245254654], [16.850191268372466, 15.535611090532031], [38.87557999918423, 49.39106329540279], [46.05074542529699, 46.1627011592487], [10.82893969314201, 6.554714444286175], [33.7363099669196, 1.2508794907868936], [9.225683075598907, 11.367641992898214], [31.914470322223682, 21.311239324539628], [18.277465085856093, 18.471567003802974], [30.285270579359157, 17.16716634573973], [4.728025469443225, 0.4778406941521596], [18.968511067730944, 6.680832522090735], [25.71907961598, 1.862896323348101], [36.20643386814346, 33.80357635351261], [10.752271414529508, 42.797350997649666], [24.12215663983422, 7.373988641965157], [1.815289371233364, 30.155281925027705], [35.65432683536342, 49.98746205926791], [16.53719240923321, 5.10490395956108], [26.46801011507826, 12.590614133265998], [28.741242492101314, 43.23044781418079], [37.21369916640813, 47.53056761261813], [18.304986051246026, 26.162619324174337], [8.341817819520609, 9.06915021269698], [25.735142761881374, 22.416207629737645], [13.956110495231972, 26.191095585017887], [37.8796605998939, 16.05503030188682], [46.2769242714551, 16.805889582708154], [22.104128879661317, 27.44404515068797], [39.66192577844421, 48.87074079254174], [9.771217055193127, 12.735726977746781], [17.030937712949356, 41.29574497028321], [40.998814150000186, 38.40964838515131], [46.766397759977764, 8.336705059969008], [43.98530436319182, 43.378603559041345], [15.209823016437763, 6.42107603108485], [45.80029861173953, 1.72988311280729], [3.0809857747497285, 15.494927440908546], [15.20723180849825, 10.480012122001597], [33.802775563131334, 37.054858942446565], [21.677351985401174, 33.782651529720454], [33.05815107155245, 46.95248534689217], [43.91744087955456, 