{"n": 50, "locations": [[34.42336773857744, 5.661355720314937], [23.06130400608279, 18.030309731459777], [36.3939187816331, 49.612052149189076], [15.54182731161935, 16.53111050874475], [41.3887110688824, 9.805494550681331], [45.324105351452495, 10.267885176839748], [28.06161126860518, 31.848234647470203], [12.4216934864177, 43.880507284626795], [19.02856640409904, 11.89342695382024], [33.84044286324438, 6.609638340099943], [46.981085921000336, 10.497054387541471], [27.199763856448815, 12.366688742989506], [33.97625715353571, 22.31208632145412], [29.906598771071092, 29.159518365434735], [0.2805430885124027, 10.878899974099914], [29.31585657318313, 6.1595552751266265], [39.747780912097944, 14.890331613283914], [28.021195884466422, 10.900293063192029], [23.043067737787144, 17.824707824594356], [17.56231607562532, 17.85098532578652], [46.47937759687479, 2.819950309094854], [22.92932824033112, 29.971486223464233], [40.288963909854715, 37.25026992056208], [2.9706822759014595, 32.70232777809349], [12.230160220274932, 13.011847512528323], [22.999073067420117, 18.65606320138593], [38.53551164583191, 17.530695322201222], [1.7321784074767477, 2.11376307980054], [43.53795309268123, 21.82371292538234], [34.28005964677705, 41.638287306000436], [28.829867461230773, 26.515413410836715], [47.869191543399815, 11.722899786364483], [17.14575362785144, 24.595050098912107], [4.8148023223154865, 43.7854229476336], [37.60300980776639, 27.496027747385064], [1.5147691815691477, 17.022239845988], [32.933947331874684, 23.217374446095423], [37.68494279332552, 40.956326865203536], [29.808339439233826, 44.3672111433321], [37.339516354197194, 25.83854923974257], [35.486506374720754, 48.596671501543796], [47.182947947790424, 22.601451390484577], [25.998587620679377, 38.08705224128723], [24.678228198139657, 24.258560817578356], [44.52391534992549, 9.595713593657978], [19.500865103312385, 44.60383726258833], [16.417598477320432, 27.823245133630643], [13.10531720107001, 13.073809850600353], [31.234882326413132, 23.35905404324812], [16.655019386719072, 10.45746817423947], [0.0, 0.0]], "B": 400.0, "U": 2.0, "Uh": 1.0, "alpha": 1.5, "beta": 0.0, "theta": 15.0, "SD": 1.25, "SV": 1.0, "ND": 4}