{"n": 150, "locations": [[35.98204779041963, 6.35712380750641], [43.64757355457169, 22.746440469382705], [25.324711891379657, 13.450085550379443], [22.319291397963497, 11.750980315325087], [34.49069627355747, 25.745867704087278], [19.84019626441852, 2.2320530279061055], [14.643270618209275, 20.277269484775008], [0.6071080981482901, 19.178604512505622], [39.583294035661915, 6.113027431969914], [36.49541052576193, 36.50449256088186], [12.638177701257042, 7.714258536207441], [41.32384174275643, 21.45518902529083], [33.145693097618675, 49.44149596215576], [31.76430907681509, 27.755023042658088], [0.9827611289589033, 17.805182366922086], [20.852952058022385, 21.973136266696937], [13.278150935532967, 2.395844825307314], [18.449424487961863, 19.203685909854617], [28.918298080499316, 1.5872540922748202], [17.289824527519205, 23.710765960543938], [0.6480292309340496, 22.418169192313], [41.36334460024022, 20.370753909785357], [10.506465394943088, 27.102953326181435], [13.101102053329129, 5.204149066058816], [13.186152636200921, 49.500886657543916], [18.937064649926448, 11.287110195335725], [25.925793305798138, 31.781677622200018], [30.150284423661073, 42.672505485218245], [29.892213319984794, 43.94391611939892], [18.628989478451707, 15.809008757943754], [4.282784157529967, 34.55920568290281], [14.378720324331573, 12.29721501699428], [34.56451162328204, 42.603791170640434], [4.1984263705131415, 9.921923119872645], [21.614581903558545, 41.47560526932656], [48.6387665992767, 11.905703044298205], [6.636059748152167, 34.384897441641584], [38.888288563045656, 44.26053079323745], [30.234892842592032, 38.04901082966454], [8.183467969001418, 9.254809908847184], [38.801690516791645, 9.981525185412204], [19.55348292072021, 32.324000244117066], [12.475656337224322, 32.59924874241273], [13.46466518636702, 7.660730469138638], [19.834573245689818, 30.87750769579], [7.597070455711314, 13.765160941356141], [11.00413682853542, 32.71998357783985], [28.141966951113968, 28.578042373455855], [28.538575659111125, 49.401677619732894], [28.79129762621701, 22.73234424183205], [5.009669411276363, 10.011090017457846], [31.13178116664601, 20.581806594500613], [42.949001666568975, 40.992471613342836], [31.596911636198577, 49.14951023335396], [10.74809166443378, 48.77555237197718], [0.2546445636603334, 49.53247999015289], [19.55663160685103, 22.84820036863379], [31.128957230963287, 7.671317083188373], [30.028021204501677, 3.729087842783435], [12.611065424513178, 32.23348557332969], [44.437361530031474, 21.204450689847103], [22.165745287818133, 34.8244716674024], [19.176415489869232, 37.99517445388128], [18.06538780827917, 19.937575076577623], [3.916282625432604, 4.326655180793015], [32.488135060792004, 17.851369161983932], [23.772853034900425, 40.420083152083954], [13.102428426244717, 43.54993412517311], [26.264803594974147, 40.1628822955654], [14.9088065676441, 36.12070216167002], [29.539166674675847, 44.5006164877374], [38.98065038390984, 7.61879554165808], [15.67076582903415, 48.46055333095766], [36.94474289916175, 14.750834883818786], [12.497434705520543, 46.30668949925035], [0.6289048759790139, 27.6795971038581], [47.70639256365079, 48.653790258593105], [30.516965122926575, 46.78766389036286], [45.178907120969114, 39.02462019173177], [15.287753127578545, 5.624294613494452], [34.141789023944426, 44.578018155968365], [35.28666692156776, 19.044099277057835], [37.022558093941186, 46.82534975449611], [33.20160382501953, 9.017536188267655], [39.56556448198813, 37.12192099871224], [29.833697005178806, 37.43643293122328], [16.05246147866099, 7.790055539269586], [34.840166919667, 46.24570427761696], [33.88795277472432, 7.4254205488401395], [19.30890880558781, 9.483210324619268], [37.26248832493876, 14.866767728667213], [9.231742409657917, 41.8550902197753], [1.2196668254637666, 19.67341535105348], [41.29555704831389, 13.223078326255278], [26.418019839570384, 13.55405346870736], [37.14160402431375, 33.8063556046893], [40.418323584495106, 8.804148322808297], [46.145269295810074, 5.2285572812143855], [22.835708528385386, 32.31145625067873], [31.90243326244959, 30.484095763726277], [35.831164278044, 2.1558566820010117], [44.068742739353816, 16.594075660885892], [11.355048687472935, 3.049962169786241], [23.871390052289215, 6.634283531448509], [42.055139879306324, 7.1054563216413404], [16.640772218046617, 15.874634274400556], [23.261736289812834, 36.312576798052135], [45.638540366149215, 47.91117250053661], [39.465232614903, 4.852451097568711], [9.686725811663871, 7.8898865878009765], [44.86424673528404, 38.96394463722878], [7.2714686816798215, 33.73179673429556], [31.253179591495762, 31.343778208766388], [18.264478675208302, 0.8675694615220941], [39.46875551366531, 43.00113426592], [8.210149461995531, 12.246015391670817], [31.259169565888158, 45.08696428691674], [4.005280838366421, 3.951112922197547], [31.15390314371792, 30.687165713172288], [3.20326151988331, 35.206613443949415], [4.6019728278757, 17.696426837931106], [13.14427718203708, 18.77220334946546], [34.35582613575691, 11.114524163969918], [16.34014498369469, 36.595061664467835], [10.20652401669867, 19.79400902161342], [10.735206568760214, 41.42797305080222], [45.33630650671838, 31.545271794246236], [36.11793356232859, 10.1742318277596], [29.443961261986672, 11.40556133879323], [14.611950165033399, 43.7684529766531], [11.57554366123989, 23.1395887285515], [23.1088170031283, 48.98351488120743], [23.847714876982838, 43.94992029213016], [23.70927116249452, 19.90527714304342], [27.870964105122177, 29.746566708755477], [22.663964003094527, 39.24070028676175], [42.93554005523759, 35.847218245990646], [10.891806700120116, 5.102709677433554], [47.642603466758935, 44.56389956861525], [47.64888003494335, 38.77979074412882], [41.98089016907613, 40.266562907499484], [4.155891224370284, 3.0663349902913084], [27.333436385216814, 34.88479492410935], [0.42284266826436157, 48.577249426182824], [24.30280892392764, 16.69815715649985], [45.731638938130956, 18.93262891830182], [45.70728082982568, 43.73238149338508], [28.422718851203587, 48.72546355369803], [28.357819793257434, 3.0351177119358583], [16.4761087476236, 46.94288168947132], [0.0, 0.0]], "B": 400.0, "U": 2.0, "Uh": 1.0, "alpha": 1.5, "beta": 0.0, "theta": 15.0, "SD": 1.25, "SV": 1.0, "ND": 4}