{"n": 200, "locations": [[21.923433974546818, 16.459362843526627], [34.400494366913684, 22.8378875468431], [9.523927050751402, 18.477465029689018], [32.22108007417521, 32.086684693757554], [22.88279282003823, 2.930590976495362], [40.479072475844234, 5.834753944188565], [16.502806991453678, 12.752657868855255], [31.405045586627168, 6.77536856070785], [31.197793310052663, 29.469073906315625], [42.22162539126179, 12.336840806895093], [46.32944648728934, 34.97441059611609], [43.82590509237469, 20.488086287553482], [49.91395587164225, 36.02722972918337], [34.855564065395576, 31.504458125185753], [6.564989375889308, 14.806930870937812], [24.750414662149932, 6.024464538451435], [25.637773020075983, 11.552414019540723], [20.359494117632735, 29.030429069699267], [22.29765135726448, 26.503180388176457], [2.254581853750326, 18.05871162721408], [35.58523162105324, 2.8397508722789677], [27.275808257821506, 6.1178857243898825], [21.783450924176844, 30.884735135046114], [25.87603167231475, 38.70249994977398], [42.06339420644471, 42.51399191499503], [47.7168085755995, 31.542388977735676], [38.15018056851777, 7.689072189133728], [12.76848913030793, 32.43968112055165], [13.423265315006816, 35.800102957511974], [35.884181165438115, 36.83712388865254], [0.9630467421256506, 8.752639797179713], [42.53551858026541, 46.89705204529777], [24.430689846695795, 7.170325948237844], [25.379743726403138, 17.97875263004314], [26.176140169050083, 36.37763688656981], [24.228147616349304, 31.821125156609043], [0.45121493482273567, 23.702905432205164], [21.781627129480775, 20.408713546631752], [2.3608741676279967, 42.608647520680535], [41.60457060774592, 24.783898990878818], [32.37517250536714, 33.2286406920054], [12.803030897668465, 44.69169893650029], [19.712310899953923, 3.5007951527803174], [34.15462571667886, 20.72768814516115], [13.149177068151396, 24.312109395633353], [1.3251917812121428, 28.84763691165896], [28.597179384167713, 41.68097142647728], [33.75950731332925, 14.38851993015436], [2.4676273959515713, 25.20552080708202], [41.09333330507744, 32.921656350151174], [12.426893911594878, 19.313128734464314], [31.721700784973883, 7.546715450387093], [43.74825846380644, 7.90409146643472], [49.972685278539544, 23.97502679855361], [33.60883012361806, 25.23346872186546], [4.267811026258572, 11.929073624735553], [16.458230956955312, 42.96155362291772], [49.1983245629402, 35.51078456382012], [3.9400407960965724, 41.7101429694644], [19.47792007833581, 25.474763274513418], [20.815349119199283, 39.54555788997472], [4.672428704678405, 13.761803127076199], [44.56069968712066, 6.560542726823815], [38.17728889787916, 3.0329528592560995], [7.661392813664181, 39.454033047075235], [36.42114835686597, 7.863198543293626], [21.570285447863547, 24.432432909395047], [3.7534438602650266, 27.097359739107308], [15.258926927936667, 38.046645769059474], [48.25481158643428, 33.10314051313267], [27.56735229957435, 16.199041469107637], [2.8824364548510726, 38.96005129465893], [7.674759176759293, 7.859965693012027], [27.696252570123818, 9.448062799945939], [22.48781358220247, 48.02417243241926], [45.04358101918724, 35.11136469444664], [38.25566565600604, 13.192236745134029], [35.19298915215702, 6.2274158109111415], [17.311314618921365, 35.68470891657619], [16.4526069321339, 33.19345483525155], [1.0791814216805695, 45.202960907002826], [45.639902231557734, 46.74690234451786], [14.069873116674536, 10.58925692560091], [43.53666618273955, 13.060513749081382], [45.410190185757656, 41.50381824109506], [8.787246690029182, 29.7419497941479], [25.487249892098408, 48.2736123082005], [4.711098523805096, 8.568828078138452], [29.782520388357675, 0.7884500361575675], [2.074858250610517, 26.01896815077535], [43.07303425261673, 28.422803498597215], [3.9147707566574983, 47.99572747604972], [35.11656260629049, 24.346524811324695], [41.54128098048894, 4.265870232924518], [39.42839703788695, 33.90204127228293], [35.64547030361823, 21.00824847804134], [22.765540529991995, 34.982243569116264], [29.556235141271202, 34.82407598493263], [38.5487507619795, 44.817690328171594], [25.47335795912538, 39.084839160905204], [13.603810869345695, 33.18152438204718], [35.71965120612016, 36.56546160971943], [32.65866883011126, 37.80721026709878], [26.851651587762067, 18.143895590699106], [25.386753697435193, 36.99875786966302], [37.69844333507671, 30.058749117767707], [12.787285092257639, 24.761153084191523], [16.17136346027185, 42.216018995406245], [30.49218977065707, 8.859848274297988], [43.75983283947196, 25.595075590450815], [41.207642345715875, 9.58251632792551], [46.683211913478615, 39.967589417354375], [5.338202005766063, 23.522216149641956], [26.29193846303969, 31.133172487159484], [45.389905616820755, 16.756693748939316], [46.87625988924259, 5.872190995278087], [10.364474581802924, 6.191541262115385], [3.9330016813659996, 0.625799940786792], [37.55229747966357, 37.611090149464324], [34.633250878635906, 28.69101561540833], [13.264310133246205, 38.76379757972247], [7.444954589776365, 21.911787339853735], [29.06641030394761, 49.05303686376832], [40.75423549730991, 2.907675439681723], [28.85319005822234, 3.41208191278064], [43.97067554514336, 6.45226485629018], [46.78677929204555, 21.902297536820196], [42.17717806915821, 14.39332113861293], [39.84245693897861, 37.90458816716332], [30.190553895387843, 38.93183642209249], [11.97559492766177, 30.129396937674997], [17.35285918330583, 31.42551316962089], [28.660558858881828, 37.01855978503172], [33.1095849766221, 11.796891136844522], [10.785609640485772, 27.681203100064423], [28.805170746690017, 10.011950410299935], [5.45585199884639, 36.22990114201854], [42.1766383548128, 1.8804212347741212], [14.211104561164706, 32.392228594602024], [22.474172681260445, 37.65547431555132], [34.00601240691031, 30.25160802389867], [24.50173591473191, 13.857907185011447], [43.48977779546577, 45.542998797501824], [3.513705135713657, 22.748870026535773], [15.296273379983989, 31.928688905445203], [31.838260158329863, 41.8792550880912], [9.01569800577186, 3.808626483267802], [48.24678835050186, 12.997862871567655], [43.60417424061234, 2.843404981192754], [3.131669181350727, 30.317144506116573], [34.2570600745685, 42.45917146148959], [34.57019317486989, 24.038724638797998], [21.063374746950785, 48.306412793091205], [8.848217396580921, 23.546294672037575], [2.982747936828517, 14.280998539089834], [40.179125563261735, 45.44209197742707], [44.651984106489564, 6.992694165691848], [5.113545697283339, 12.940585616368628], [47.11963282859518, 2.9129761896375728], [12.0853835795315, 48.85311802154154], [41.95400018627966, 18.12156333468351], [3.0631703616321895, 34.8775832878815], [34.70705955098927, 0.4306123910517101], [18.654721302429632, 7.657342546535401], [31.592814524337783, 18.02495368774449], [38.13598478091297, 47.011043410042205], [35.13220767442353, 17.034079814279853], [18.436251588826565, 38.747724284812115], [32.004530534933295, 43.37831129464499], [20.870683428099962, 26.789371642444497], [49.97077622994914, 16.855571262044712], [29.649926910001756, 49.74689737159789], [1.737568762097752, 38.43778234592145], [31.54506623937412, 1.5345406101973103], [37.60309646457315, 20.346833640268695], [35.41012954821548, 40.44571703727713], [39.84145534896202, 46.32251547155561], [43.63044396120003, 7.909166549401264], [18.29943437997717, 16.62245273856752], [5.64552846461372, 18.64347069774805], [34.3767827084706, 15.772506420487458], [6.652982555700443, 38.00890567030264], [9.983894551074412, 31.999186445122856], [47.62341365807392, 34.40176859970122], [37.57351992617512, 43.915459967687106], [3.4748012002592477, 47.776674252362014], [33.65245913889753, 39.59537250565288], [35.368270564015816, 26.886623358095996], [4.7383775845655896, 44.46521358044111], [32.69967549294884, 17.81334707854123], [25.510156208268004, 31.381952916780858], [14.289943094822387, 30.269422530920977], [14.51627540882685, 23.55858301510229], [32.13431700708069, 4.88396162766681], [32.33765616456494, 7.9318175878036135], [26.82108850945122, 