{"n": 150, "locations": [[6.238364871317559, 24.010324215906625], [47.94589331090361, 0.29804272570000956], [12.17574080824334, 18.191039718419027], [43.31534179553407, 40.9252870235234], [45.008283736000536, 4.473787817588814], [8.927065084469088, 30.81525216412313], [12.765673652332104, 4.245284005247097], [32.97480670362828, 4.722136439982632], [43.94765898053606, 28.960278443043], [17.929942183796783, 41.23403715594439], [11.420313556467477, 14.948152931078706], [2.450731316344623, 12.88774966205583], [17.723964207703734, 49.8489236219748], [17.403551291667007, 30.518587953629638], [44.1213631536761, 15.30348997646232], [24.760715731649558, 28.08266027558373], [21.88812646121521, 3.3778373443287157], [22.871911496996226, 12.37172704161405], [15.477024263876082, 27.35989960225689], [30.121685050359403, 34.799960972158914], [39.75402623844236, 18.24055461963295], [28.262333223849012, 19.51521394048016], [46.75034591548416, 26.46617598758682], [34.77355978623953, 17.331980683472732], [26.167812043919476, 47.06645961961442], [42.17267967267688, 8.245840381280944], [22.1261505773948, 17.612226221945253], [4.57038730225357, 40.77776904788205], [22.26452110670173, 44.015508223715486], [49.192593947215194, 19.99925200825592], [17.52644230227624, 19.20822765261812], [46.05061934284716, 23.482474046073605], [17.514042983890434, 10.281832876889062], [2.291901191154161, 40.485999797651715], [10.723208110395621, 21.341908175988905], [2.2215844296845475, 5.511452967601965], [47.233238648285194, 20.90149003138853], [2.3628481140432367, 49.87090907820597], [17.956805795827314, 42.147407268076606], [37.95583978164507, 43.99525060906468], [3.002018116241639, 20.562052156063736], [25.593185232117122, 32.096713936043244], [29.798765559530256, 45.93780863965252], [42.56244868463674, 30.15825248778589], [32.39997409553734, 22.358867056997923], [46.00423415744028, 20.261219229100714], [29.22797087426475, 32.77921648555062], [38.75872547840273, 33.446060542009114], [10.01727934597268, 18.269853340523557], [19.914090075665364, 19.412778271874025], [48.12569940383417, 34.240205162367296], [21.03650239148977, 10.587965167456737], [29.595709491188188, 2.2788500801070866], [23.824981291565468, 31.279620940159397], [5.991404997144512, 1.8090515370383031], [47.94034860775691, 31.42501963207922], [6.221913017076764, 17.9275749354871], [19.160164140560653, 3.8050970264097983], [37.80102585019451, 43.24781931695787], [9.309974315684588, 42.01858923418263], [6.042107726261153, 47.46631492069848], [40.95349707093707, 37.786337407952395], [16.85616496609516, 11.6656844527248], [45.245410049750454, 31.869299231510357], [16.823914831782954, 10.718693073975787], [22.350978817230782, 31.79895374650933], [23.47898061931672, 47.540825844620194], [30.261099864377172, 28.413955820423915], [46.11700031055397, 47.00592816775714], [15.507482697529069, 39.4522587084002], [38.31823202787909, 45.298803979410096], [42.11507895187172, 3.47802604139405], [35.77493933490804, 17.745312602655076], [34.53511054191267, 14.772545147470579], [27.188958305131184, 9.187063323586408], [44.06289047149225, 7.5120305021710525], [49.403687125988164, 12.567156389556756], [10.776643584591717, 10.939225476272568], [1.1566723780338017, 14.036276304903922], [13.862363496021102, 27.614350090292746], [5.08074999577286, 27.149790421263802], [19.903712233308106, 41.589857289737516], [17.608114750127633, 23.053138491302416], [4.4210692102431555, 9.00512484213946], [39.3948819682653, 48.961328205231545], [9.626474520397293, 38.042793367200126], [22.885879589337783, 36.11915141164109], [24.762577322124535, 18.234463036291267], [14.959751735046407, 3.0808946981736476], [22.639119909901765, 13.567685127986701], [47.920328481662416, 15.253925522346162], [14.6076194821117, 19.315620055560778], [9.921505067610365, 2.632518821029434], [30.044806356364624, 17.878437078376376], [44.712945865768674, 46.78347836530897], [42.51725422118155, 9.645592789605157], [45.48611592590134, 28.752816238717156], [36.867439997373616, 33.41888039967342], [41.56582505214235, 1.120369512872793], [42.84413072894646, 16.88069906536563], [38.14534918355201, 34.6915253522649], [11.988895104993313, 4.555244295335392], [8.85319354235813, 27.479230841623053], [43.1445891195466, 19.895893805606036], [29.885548153280862, 7.32232610060311], [49.30300423064718, 45.49042243895564], [11.41980783781098, 24.131819778922747], [21.69937486948233, 49.15670264667564], [26.658761648698924, 4.163705942758517], [38.289067029731264, 17.453702690630855], [32.65904401276168, 18.565277734427305], [14.339252028326815, 3.3216894939176065], [16.311305800203872, 35.22597045181303], [23.29683617512744, 18.49436026848381], [48.53416146134998, 37.43258019809883], [33.717293169668814, 47.2921207019965], [2.801511952504754, 8.140787879062096], [34.241413581715946, 38.52917660002561], [27.87541119532785, 47.34168349637128], [35.0867200910406, 34.69107400204018], [1.5046275339743953, 27.96047661268539], [20.67915493413774, 16.236290903730595], [48.765657670768185, 42.68459632108272], [17.217622181580705, 23.39381756956773], [21.216783692520803, 6.938363737986991], [38.732115605259615, 22.793909681070705], [15.584936762052587, 25.66719283690596], [34.50304790222367, 4.242372278168116], [1.1105959702734869, 15.598907605058354], [6.0919548583594665, 5.027790029158508], [45.08250433159097, 38.206526125376236], [11.265186252797044, 21.341508143266502], [43.52133499817899, 11.881281875392446], [18.17709984503345, 11.996119847633791], [27.82653282123476, 9.359718204293593], [33.23910122983817, 40.36026684552132], [39.77470790941638, 35.15802044340299], [20.36866303462214, 32.78732708484978], [21.58961088573255, 46.34771723727032], [31.121769615029038, 36.474432973452394], [40.12243254636798, 13.548415021075256], [45.40959408411662, 24.929197656320913], [10.146895224006853, 10.471755556737449], [9.960813693047927, 25.717463512457368], [23.116062048659565, 29.427839166938973], [5.099516545764876, 9.73870921019092], [34.340994981125064, 17.70674073494688], [28.31999892150407, 25.03150397662942], [0.053320648662408265, 21.397632495056325], [4.983842743062788, 33.9632037163813], [0.0, 0.0]], "B": 400.0, "U": 2.0, "Uh": 1.0, "alpha": 1.5, "beta": 0.0, "theta": 15.0, "SD": 1.25, "SV": 1.0, "ND": 4}