{"n": 60, "locations": [[44.272584626205294, 46.18075487970107], [27.748354691135134, 15.046181132715741], [38.67239471957274, 15.549093690425842], [16.355503632236434, 14.334967934475129], [27.23939092054348, 47.921723230987546], [25.999097834173813, 20.38634955534443], [18.07128220928908, 46.487882078663766], [17.231926177488816, 47.62202208113649], [46.00383431357526, 37.797483334804824], [36.79426721615384, 48.706402534590815], [42.09153967407131, 25.4139762933279], [9.402505986637221, 17.470595563736712], [10.762670486311555, 15.622764894692477], [27.7308179779064, 33.64540008497771], [49.045961187692235, 5.449785905612147], [2.375676003833976, 12.914463325426611], [33.21490103813441, 32.40397110550263], [40.51873274861693, 5.139558262262694], [7.558670391190436, 45.28227539519033], [34.637071537606815, 0.2683331067689143], [28.92912626180399, 36.73205231287783], [22.161605258661865, 24.140389559176263], [23.54085422839942, 22.053654803328143], [30.649346425851537, 12.222088996188713], [18.11547719273071, 4.331014204366113], [32.73784318844035, 1.1239079448383205], [45.35774906141693, 19.268250368167482], [0.12830365823798817, 4.86697592119783], [26.098115747058287, 31.110725574279474], [46.509728431822566, 8.636323112951438], [42.15197841084837, 0.49935496735664664], [43.88596594446884, 42.500552895034524], [42.40829242539872, 25.695830550980432], [30.739767210818624, 18.58112375696408], [21.82543273056123, 10.089196809093654], [36.134334337189316, 47.913416794480746], [14.671923565243599, 17.254261054592867], [5.86985381892251, 47.14240097725845], [24.027955708683525, 2.976825275886774], [24.722286975626908, 22.45116345566232], [39.611619686426785, 3.0027032541981358], [6.494107951385486, 45.95232621786096], [21.04294444625449, 20.740902674875418], [8.078640567955475, 13.729210943661913], [23.059936419975813, 41.587994059629665], [9.011609770570978, 3.4623828626462627], [32.27112322502242, 4.18404765425085], [1.2134401973836195, 28.97028567040596], [11.043716102197376, 25.922162324496618], [40.5039758248158, 28.7273769038194], [22.73253027018179, 34.665426369685534], [27.48317220240167, 34.189914064277396], [24.727140976331324, 15.478194864426298], [38.86164733385446, 48.991498320740945], [30.27857241935309, 18.589533928070225], [18.11297795869329, 25.076807725700235], [42.5181126261749, 39.42377788982876], [43.06363142601195, 49.43119759576672], [0.4401036429101113, 46.509936118507945], [8.59778478071923, 19.308682591955545], [0.0, 0.0]], "B": 400.0, "U": 2.0, "Uh": 1.0, "alpha": 1.5, "beta": 0.0, "theta": 15.0, "SD": 1.25, "SV": 1.0, "ND": 4}