{"n": 30, "locations": [[47.83072491561747, 45.87996741858566], [8.156920077319956, 34.25416115702082], [36.93836517783362, 30.238781430292804], [17.33306803356613, 33.135423962549176], [46.608074571456285, 17.777901425115868], [5.885222413801455, 24.675597415186502], [13.15036710293307, 17.604630091680797], [3.939873442855574, 1.1716564973849153], [2.8026468860773757, 19.47566112428913], [38.82505692674183, 34.67274109999588], [3.3260914829903063, 19.119766198638754], [11.840933500443757, 46.085418117777806], [23.929780861434864, 45.08641782033891], [29.6347861036997, 34.2776797315131], [24.320118037950415, 11.667710919865815], [12.273153100018602, 35.14533539490315], [18.559625904569288, 19.211549964139508], [43.74315446888317, 19.113588432772666], [14.254811592582767, 22.48958896959098], [5.515547341815097, 45.432751092605244], [23.948516193278895, 14.985331666576101], [15.933138935353004, 20.56943187190604], [29.80768395640053, 19.65189340345299], [43.06134398864931, 12.21185970064938], [38.2663208895131, 29.13351337785729], [44.19254218632907, 46.267031935014316], [48.64430696531188, 44.76452966679951], [47.71690001404538, 3.0746410852452555], [49.52439714744952, 2.1140681769143077], [46.29811880860275, 43.790463760890965], [0.0, 0.0]], "B": 400.0, "U": 2.0, "Uh": 1.0, "alpha": 1.5, "beta": 0.0, "theta": 15.0, "SD": 1.25, "SV": 1.0, "ND": 4}