{"n": 150, "locations": [[47.51158932599091, 34.83183916334511], [42.70396123429176, 9.801023749742043], [35.82425357805308, 45.49131912573976], [47.411860511714075, 23.562729638992018], [30.414900795109634, 49.01237509914932], [39.042640203530034, 9.840070910899978], [46.67592151866584, 38.35872902417631], [41.21443482907246, 38.036416095138755], [2.7533064558821096, 21.536169351178863], [36.24302778571646, 21.858448265961144], [37.15526191805951, 49.43390541430382], [37.3572409347364, 14.589296574981498], [16.58303903495513, 23.4656364136777], [36.98508797439579, 42.649723372407486], [43.20077899486869, 22.967677890681898], [26.99189184866594, 29.36378155800769], [31.0890045810136, 35.955376001397866], [21.794612973468237, 33.95169320358382], [28.411805061030915, 31.800058159677164], [42.522232854636776, 9.026638095434542], [38.00181810065501, 28.058340029961315], [5.950017992669432, 27.059768589439177], [4.428342594297646, 41.449321038952206], [27.432305720309238, 17.26548907842832], [27.768923189421947, 21.03232655144498], [47.35890183670372, 14.535745527887883], [49.53903484124324, 23.10334785752275], [20.26841958735579, 19.04454121431531], [34.30577030533735, 23.201002561157587], [37.684515752220285, 27.521391951884098], [13.948097706830136, 41.16202112770425], [6.973559764027021, 15.130466483587224], [46.499657191865154, 15.384114404245436], [29.62948271774859, 14.185637268890506], [20.97308978952886, 34.71821294300354], [37.49374150811238, 29.117690268506287], [45.32497566638764, 5.6738615145061235], [6.175893357064077, 4.887211964404504], [22.89168187497926, 6.856053001299167], [32.896394589664865, 11.540983394379396], [5.975286590973611, 12.439017140430591], [17.791314991633417, 20.989290945014304], [39.75349456622776, 4.165889076251139], [49.35568092600124, 25.449957985428366], [35.12876624087721, 20.45852441393874], [12.239970148373642, 19.476485110367058], [48.30463989777651, 33.49345133267476], [31.641025015540464, 8.276572679023086], [30.587550824575054, 34.695340064061845], [14.530033272417842, 40.70293914125085], [36.147097204258486, 20.864329764170584], [49.48874506150827, 14.103777570675819], [3.731189687559083, 9.398198025020077], [2.5716876462126335, 20.207177850494972], [23.088791355538973, 3.4539277982258696], [7.826819147976999, 45.03345815851183], [27.923601597112764, 21.51653955496733], [42.377130943513095, 32.98418420407064], [29.934052522150328, 17.65548804510788], [24.302232089944344, 48.11344766170442], [43.64617757818369, 9.420162721594261], [10.804790985289896, 41.13762410411408], [23.19913499952576, 13.719932045242173], [32.611573668412255, 29.124228811533886], [0.2010418646478218, 46.854452380988334], [21.94551237054431, 36.07065371354943], [17.659810612408045, 0.8162816071303536], [34.336702359316256, 22.45275397582208], [11.897558836235127, 28.807201216396006], [27.869696138818085, 43.49941887381733], [41.62434841715349, 15.867939478883613], [36.24366034082878, 3.2000959874066592], [20.14770497198523, 49.535120857830215], [36.82622359695176, 13.066499771940782], [41.37566706864821, 5.303687920672518], [45.06262822910329, 22.571684455244593], [35.03372094839805, 8.782724218105814], [36.02730313560478, 5.0750392539739675], [38.39233184512533, 37.98178622283117], [22.6891352933432, 27.36801113978739], [39.32252975835138, 49.59125082488643], [35.20619722036056, 12.634853496870434], [5.1017590797276915, 34.39568013726021], [45.78381039489113, 47.60403710537819], [38.04076337128986, 46.168272657580616], [15.83320293071378, 34.6794263403381], [28.947987454423124, 8.276962044640152], [5.519712114284964, 47.03387885485069], [17.71341668280446, 34.68944962250593], [22.6642221639729, 38.78375075741594], [36.38242631684442, 30.416965729016827], [33.05757061577121, 14.544893811623144], [12.369135675989623, 11.27453872715954], [35.20993808275895, 23.945119499220613], [41.69761194616555, 32.87232033475938], [40.1732893988414, 46.72644291345458], [41.018113073552996, 40.64237859485998], [34.6845474642769, 41.12561220141311], [43.561065162859364, 19.15794595861764], [44.81208234744335, 2.382446816516204], [1.6886567416353526, 44.325898845287966], [26.44782838421054, 20.92406546156706], [31.72717697002993, 47.79936119554235], [43.16397552384764, 42.198646182595056], [46.0087470326704, 21.39381183829724], [6.153237805238127, 43.627996862899984], [13.827691175984057, 13.109488371134459], [6.1462501791815, 11.980961603155754], [6.124733789483633, 40.13447282384776], [40.89918210311692, 20.298234059887797], [33.34944790288118, 46.37867165043345], [46.093132132531224, 33.249944472651066], [23.973377176578815, 34.50990633895017], [20.96030096386275, 42.97789713519705], [32.1693973399394, 18.247475738873835], [35.43168404946459, 17.973827879132003], [29.394021193540176, 49.70377740216604], [31.498797148737605, 42.6749030906013], [35.652667912200606, 15.497079359376558], [35.30953429909312, 15.307919135740299], [46.254959566917336, 12.05104945758918], [33.39514401788807, 17.040686084265683], [3.7947358099669426, 29.096992547968405], [27.290891045653588, 3.9320789629488373], [31.85233693159927, 2.7548918419864785], [27.716220120959427, 4.2513110013364885], [14.68986849085805, 11.133116230210582], [31.40764931833497, 28.43925975116376], [45.908595448234074, 24.10265122268959], [17.706097147961053, 4.921534473798261], [1.7044821371812957, 12.456426496612222], [3.637933520831943, 47.77071656375833], [35.39877962941735, 40.68927051626233], [18.247949264291513, 29.81041487747967], [35.80926548820797, 41.558631188622094], [7.441392363414511, 18.24196264726803], [24.46153716343668, 32.79177804762691], [33.719020013119625, 0.6242613389662421], [14.32883618694637, 42.26110984984424], [2.5507175584762507, 23.19941490046445], [43.08079202168143, 2.881235376018104], [31.714927921114942, 31.847154113020697], [38.23117301725475, 38.8565835331398], [43.0343132471641, 10.029147735598375], [2.1411929122661046, 13.572821163051628], [22.955029199165022, 9.08739475265284], [2.50965834488176, 28.240069626733906], [11.17518807147021, 45.442519850362636], [33.17557858259125, 44.75890991293564], [42.7682613065857, 31.66558392303045], [0.0, 0.0]], "B": 400.0, "U": 2.0, "Uh": 1.0, "alpha": 1.5, "beta": 0.0, "theta": 15.0, "SD": 1.25, "SV": 1.0, "ND": 4}