{"n": 30, "locations": [[1.3591487757491694, 6.1167822255151], [15.48488298938665, 39.61911196205957], [2.2266561075041102, 31.443127687918714], [32.156840483364675, 24.362919409615785], [18.54084373702081, 33.11817759068481], [29.401298987352657, 13.976902764885352], [27.883925869886326, 43.245425775609284], [15.227585678119937, 7.312820822824579], [39.171583710148994, 41.40496552375992], [42.55633553012172, 3.7094729785832503], [20.03979522867752, 28.389587268759183], [1.6648900386802612, 39.07576903421351], [38.69502220895687, 44.02985814989092], [33.38091572467793, 2.6444551487546764], [6.1749205966929015, 8.485902818770263], [37.3600670720167, 16.70565450430983], [41.155976411112356, 25.869702415039058], [4.7115914158117445, 19.795455379344375], [0.7646415588864752, 14.425655366398066], [21.804350623309364, 24.25040381484821], [16.714808356921836, 17.43012033460174], [41.26493505636963, 40.59367576966119], [6.805473991615207, 27.45238900614587], [26.61558206382093, 42.08744110567429], [41.600321324202056, 5.14642467108164], [27.54142610248657, 47.247227079302256], [46.11372979169946, 15.166873403621967], [49.956441974035634, 46.53192107024697], [20.780468947121122, 5.630050652367241], [5.95364429552212, 7.7107417571857075], [0.0, 0.0]], "B": 400.0, "U": 2.0, "Uh": 1.0, "alpha": 1.5, "beta": 0.0, "theta": 15.0, "SD": 1.25, "SV": 1.0, "ND": 4}