{"n": 30, "locations": [[37.19729017980081, 44.051207629064876], [3.864341881943778, 13.044493755299952], [9.040804933061597, 44.517911034307225], [3.7083320079846773, 17.208910880729633], [15.732777341013893, 16.271846929895904], [41.614048199841406, 41.784504999017585], [22.20691988829809, 9.77664071451031], [14.387752584520063, 16.890895460019333], [41.99143274810364, 19.12414554878631], [26.28715286871489, 33.214994785254326], [23.39806058726029, 26.895371330671907], [8.030912042528977, 3.1524648397290855], [9.862735643052067, 22.38977549827102], [4.630738605527007, 43.49421116216855], [13.966230785384504, 38.35661093051599], [39.191463548101105, 35.18094815304691], [47.75719680718745, 44.82607769945206], [44.76339160402926, 28.42438814572662], [41.32538561532296, 20.68429343834032], [46.95151363926259, 21.763229462943407], [21.189936693877442, 27.254750447341376], [47.75208960064329, 1.5863927423176216], [38.44076740079413, 11.200295044217684], [45.152014863234555, 26.81651660694483], [8.832731256042237, 14.867022088594728], [5.391003449048965, 7.823518613612629], [25.79659450852445, 44.32575155312879], [49.651072155967135, 47.2624967427154], [27.271338468003087, 3.2115705860403185], [11.222837224168902, 7.73923544429051], [0.0, 0.0]], "B": 400.0, "U": 2.0, "Uh": 1.0, "alpha": 1.5, "beta": 0.0, "theta": 15.0, "SD": 1.25, "SV": 1.0, "ND": 4}