{"n": 100, "locations": [[10.138488264447126, 22.71270620174447], [41.53525837074702, 25.111836510728736], [48.255762544175326, 49.32793729985361], [44.39919734704642, 37.749731338934865], [48.813042757061545, 38.18379341462784], [34.571741360879344, 2.797867573200036], [26.16604193183798, 49.56747538821426], [12.576432203642568, 35.22716964338039], [14.533066450999616, 19.615985595596225], [3.306276982646944, 39.055087492642215], [11.699914522185983, 47.03274233858317], [19.09104515492142, 0.2676985233595719], [31.811005289652183, 37.74067927153173], [36.67322129606745, 21.608221349692936], [16.779222212114664, 31.494850573286413], [34.8991508803206, 8.667924359891805], [5.374251312159972, 15.290387070206963], [3.6063826637740215, 25.68327195856865], [35.01881415045396, 42.3363181917779], [18.504225359072578, 40.75038099012887], [39.38527504594502, 32.40083778556808], [16.545835556385768, 2.8895313989903637], [6.3740607747215074, 21.455103218572503], [2.562982373660133, 42.750978756221805], [14.62375114689945, 32.206099401689464], [33.52141280579003, 24.727850488984032], [21.31293244953829, 15.333318857819], [17.49086012202421, 35.516257376093144], [26.195521687736484, 25.352968463172758], [24.76478094959999, 44.12649845018814], [11.95990864251053, 41.00186581178406], [21.457855724595444, 14.867750736848034], [7.586794718381157, 6.114535235987839], [41.69163185910222, 37.00357928632968], [9.674690613011784, 38.64147259133546], [37.5241772955347, 17.80055246198955], [33.937432772046435, 48.6520403367429], [29.14864441385984, 15.66465073872224], [7.7513630103026365, 8.41977243015063], [0.4495087306263912, 22.745558246238822], [44.14844915309269, 32.35534453119631], [33.749204394459696, 21.611523324770765], [2.6790354786697943, 18.825593478875508], [32.604120678024664, 37.58383763013308], [44.711853227147444, 19.00529266089988], [42.39468955537209, 44.326253163445344], [35.00601295216576, 45.42043597722459], [31.893247242729277, 25.51727242349182], [3.4511114898735986, 19.1638010690016], [43.5679053338519, 33.60440615874713], [10.622098608874458, 46.64831097492673], [45.99014578614278, 3.3989248800589564], [12.611156824569731, 40.37466970444887], [25.99888527659202, 9.361394129151467], [38.0596825638535, 1.6350674737478477], [34.58591853530724, 30.58990153289595], [47.8996800896658, 6.120945856697391], [15.282330816949308, 19.38646265503704], [47.81366056495103, 17.715022859010983], [48.58193233227584, 2.922763043467741], [1.420434280026156, 19.551070566747665], [45.45868774975164, 21.60245301305356], [32.97338629486738, 21.804365875001036], [25.262519140265287, 23.750140142048124], [17.041733130526005, 23.455477147520575], [10.316427450390059, 16.448133158148302], [21.064067281098136, 31.915862637521382], [27.00514273315176, 7.0580266865900185], [22.781553403989424, 22.94979869933614], [14.87346696167376, 28.145442028845675], [14.23353579874283, 7.610856395354515], [43.09405124838652, 4.728714701160863], [22.05324323378838, 25.839671247936803], [31.92185331850517, 24.707442384160483], [48.17593992958744, 43.66716983228937], [47.332334245280464, 13.89568984692659], [8.027106199600636, 12.474601513856904], [32.3520862328491, 38.62871868351418], [20.95304618143376, 48.099551086120925], [24.35729745637298, 16.09769574239618], [27.144427828550064, 30.140965500881734], [4.106829671358242, 42.52802623046052], [19.142743989125993, 18.470093902921054], [44.01623067392083, 19.03385706828623], [27.240924238936433, 2.999288703270536], [47.06767383469709, 23.387054313354017], [12.375673022163964, 46.60112817817528], [21.100948668517134, 0.3063097593910824], [4.471633181129614, 30.683574130019746], [21.422302810496486, 32.13253875397826], [44.682076130230115, 46.896073545573394], [30.58346000535265, 31.85800175758766], [0.26307286629677074, 30.571598065712795], [9.979192013516425, 35.84817960716865], [4.2476893422167095, 11.586320418210011], [17.408327497020537, 19.821582034344264], [4.915901458035776, 31.950766019829953], [47.65638363476076, 17.493424587533607], [32.73735779201144, 6.223119360971402], [46.53459651408405, 44.89178661992787], [0.0, 0.0]], "B": 400.0, "U": 2.0, "Uh": 1.0, "alpha": 1.5, "beta": 0.0, "theta": 15.0, "SD": 1.25, "SV": 1.0, "ND": 4}