{"n": 60, "locations": [[13.600497778608716, 35.75756720615132], [19.73664751084688, 40.04557049170913], [10.065853853461121, 49.023785238329765], [24.78583684739216, 25.72970258925556], [2.738971835682358, 41.79952932629796], [40.95637339712436, 35.27379180402097], [20.897265780728606, 47.18296898839357], [43.71798834829501, 6.989636246159647], [43.19677328659346, 38.184857329129485], [46.05130970843024, 4.769017005881537], [8.622659375827341, 26.986445762212057], [41.459742265900424, 34.66969993706683], [16.740743082341996, 16.5458414657204], [23.358727645256828, 41.325936183379795], [37.9378574782803, 32.980973194142216], [18.984898366144154, 15.993773510293108], [23.175631282415804, 15.354791230767761], [12.482145665006461, 33.43681266886065], [10.199446120398598, 40.79794321925149], [42.7677842253078, 43.04787438607648], [35.82248617371231, 37.548738190450315], [5.68088210615546, 6.463743989953835], [31.295484505925693, 26.157586151255757], [33.49913684330224, 34.46389635095412], [31.629840050431085, 38.16094271451721], [16.554953975927035, 5.445262956733848], [0.30717694952615004, 22.265439245167123], [34.08089738535298, 20.269793025678872], [20.768590285295645, 15.002511932034018], [15.137667631778868, 23.30131017414229], [45.09842031136563, 27.397493187179567], [23.234115932817996, 15.224495381982766], [8.691880813556057, 36.890544420948004], [43.50248601442565, 31.967858489727945], [39.554421825923086, 47.42917810800423], [2.2076152237754334, 17.409997941184557], [26.09552288060224, 1.231535563719094], [9.76396881698205, 48.632342778981545], [6.173062209702207, 9.594233042511735], [2.840372761981053, 7.266209475362756], [38.14067994268006, 9.759826736555183], [46.07792295204195, 20.446110483548008], [8.15958677570725, 36.21190950566759], [20.873424058586266, 40.46024447499349], [12.569320021754049, 39.02320327900767], [43.036487506441716, 36.870571868246024], [31.025137829162823, 8.717667524849437], [24.574130804520845, 0.2994952479690782], [48.49567331244501, 39.02573300996568], [41.38100770679629, 46.86148289374108], [18.507400756768504, 37.78239039540786], [11.686091485248557, 44.32784130911755], [28.45236533295231, 26.636702236511482], [33.71562589085157, 26.316277604906762], [34.13084108778392, 15.788918602620628], [9.755178436539753, 29.186296023446744], [41.00555998501308, 3.8325535780813214], [3.6216043535261533, 47.6330241617472], [40.62891578535677, 7.252285681809872], [23.76467046570292, 37.074982848451896], [0.0, 0.0]], "B": 400.0, "U": 2.0, "Uh": 1.0, "alpha": 1.5, "beta": 0.0, "theta": 15.0, "SD": 1.25, "SV": 1.0, "ND": 4}