{"n": 40, "locations": [[10.486108662821964, 47.13517151199953], [15.493589994950662, 20.524852756679635], [12.831252639062457, 42.93439218416096], [37.64828322259341, 21.018520602437963], [41.53208677912697, 44.7820133760143], [13.527065232317714, 8.908844917470072], [39.220311252687935, 16.334556709281195], [32.60942137272784, 10.16654583262951], [43.297693232271826, 39.72816819986457], [23.076875588421135, 18.597543530198507], [1.1102437493929973, 39.79292229409279], [47.973095529911234, 32.59706776768536], [23.80314709133896, 1.448612655211684], [6.0507039466587145, 47.04544187554678], [39.38489585949379, 38.29672397205058], [23.339327711859102, 29.77541443331705], [3.6386608193370806, 44.72621688356403], [33.05485914576818, 45.11240754218939], [10.409574371274683, 49.57808301379049], [41.997738867972714, 5.511592593164449], [40.81915795609002, 48.66224140614959], [2.4749309493565406, 9.94460542439281], [27.98792913182222, 43.64423437870235], [13.280773924371536, 47.62235178513622], [4.022582468603181, 48.524033682656146], [26.452982922365553, 28.260165467183622], [4.228383125101642, 35.10748352278964], [26.736059178708597, 36.76749792800548], [24.065202965360537, 25.984237819370808], [15.97334746202873, 18.491873527100555], [43.69330831258793, 43.4066060951428], [24.724375673068767, 41.11301532797075], [29.520998077667226, 3.0797041276642565], [7.0112785602489955, 43.965017161991234], [39.01058491059675, 40.576278842191094], [35.20836776561637, 14.916471540620591], [1.2715884284753232, 22.753091020558635], [45.897709093439175, 31.33679104935134], [39.94720974945089, 35.69535390749018], [36.07382794772915, 33.547557026472134], [0.0, 0.0]], "B": 400.0, "U": 2.0, "Uh": 1.0, "alpha": 1.5, "beta": 0.0, "theta": 15.0, "SD": 1.25, "SV": 1.0, "ND": 4}