{"n": 100, "locations": [[27.942859301213264, 2.776925911672412], [13.158093232625296, 8.217546056158454], [34.540325753487636, 28.541006858935532], [25.53641245571204, 21.30527482888402], [37.618575996939654, 36.60823307859514], [48.800951210320534, 30.27132153184271], [15.891750355204993, 5.7561385202756], [41.518231940208715, 29.036145903670235], [5.39649486791105, 25.76503354801996], [25.48100275122383, 17.48644326867619], [9.318816440656363, 9.247818410350572], [43.30112378650667, 37.68343342710334], [18.097256306725797, 23.182906298532284], [29.634127159114897, 44.24409938932947], [1.0246623875138139, 28.34559871196989], [4.170255294133246, 26.7141455314259], [3.4762258981973604, 1.4299837684099037], [11.954321423185165, 34.554486330106485], [1.901815478898683, 47.70154557900217], [30.346709471061732, 6.389000714179794], [49.64062041449931, 12.894266494481988], [13.744952886947564, 22.749284714992342], [19.668711236065366, 41.64435883537465], [29.76599121605965, 30.812480585856928], [3.5186464367856662, 11.520748371869766], [45.57375054099049, 46.07311026905513], [41.72839938356995, 29.04292115231155], [46.8829694579236, 3.47871892520325], [44.44472579331323, 19.753908127856352], [21.2703936197588, 20.253404625044436], [36.813894024969855, 27.744957465914617], [34.20056138597176, 44.29699340132414], [39.85663010180176, 18.113601340195434], [13.46545478941471, 29.056882302666427], [43.047607837130506, 5.867697609052619], [37.85870441792754, 31.17266232392622], [23.758147000389364, 33.68263086793776], [36.8195677029759, 20.07237647777982], [45.82373150923063, 46.66018752441932], [32.68349028911533, 27.089049926967046], [23.218560747833045, 4.729747976761839], [43.33866233022724, 29.366696062500715], [11.900949539129746, 19.800336838726828], [15.054944104870977, 27.0315987969801], [26.634146221984096, 26.12842472502908], [6.883935125752904, 46.461084667729814], [26.239943821445983, 27.745950052063346], [17.07900649472995, 37.781164650249906], [46.22818744954083, 46.04725772780627], [9.162485533072696, 36.67867892879136], [21.4700388099151, 33.378301873006514], [45.77426923343627, 20.071482270603408], [13.08462002192783, 46.19304532547776], [40.09095453877235, 19.843124596577667], [14.08992838415421, 37.20746651994883], [5.052179026190029, 29.349244539271453], [49.7547864758377, 2.287382356589396], [17.94806295870487, 35.198086878241206], [16.4516406878038, 1.5451398527161153], [8.467043135246138, 26.46010672783159], [13.053152416389219, 11.466473281477874], [0.23193947857236275, 43.39317785241469], [4.883474331106175, 5.084327235809965], [6.342059068164996, 22.44385597968134], [48.13478621533634, 7.023305630894222], [3.2382209791742445, 7.499954623810812], [32.283715620207204, 28.941248017913342], [37.208601663412786, 33.331718132613474], [49.81597741449207, 23.710883972073972], [26.45601176562231, 10.05712438852418], [48.877449512338366, 39.33452364659223], [12.536453113221274, 3.4275391179118597], [30.131868159277186, 48.04366577954177], [1.6214877990645304, 6.465860848964028], [34.187431817447475, 47.39956259107794], [17.360501787120914, 36.64952998144957], [18.293411593511365, 30.278522383707685], [46.30400424666695, 29.25620293355552], [6.009271649404157, 31.141822117314216], [44.48429444444601, 29.123492194649504], [13.143704403424655, 38.52423182684546], [45.634765461763045, 8.376014283356593], [15.893852153678829, 2.36028226550401], [12.043937581269198, 14.698482191745837], [4.984937585647719, 1.9478725224175375], [34.92831975957399, 29.771480971727946], [0.33333081376391016, 21.642190030978288], [47.27850623783914, 45.065572465265014], [4.364941309536019, 7.580626279059111], [3.6942511508411213, 48.78776199291921], [48.54406246372657, 2.1960816980729603], [5.796288461492683, 6.754353647872308], [46.837300499493274, 29.22638954059652], [17.70851892687772, 0.4228116387903269], [18.9369878660883, 11.7563465929876], [48.275883059252614, 31.917486973470144], [46.46906505673406, 29.39997262537587], [19.901964870435418, 43.98038551578585], [15.339443974131878, 23.176715355190552], [24.24231707834813, 30.920805998745838], [0.0, 0.0]], "B": 400.0, "U": 2.0, "Uh": 1.0, "alpha": 1.5, "beta": 0.0, "theta": 15.0, "SD": 1.25, "SV": 1.0, "ND": 4}