{"n": 250, "locations": [[47.73064077385717, 11.891422783554246], [23.772786716500864, 22.09045885022467], [30.454959520631412, 12.152213679214524], [32.194223645494716, 18.039814159158414], [29.164941830480068, 43.55457819028807], [23.883077867235723, 34.40564375288063], [44.55879004616907, 15.638842856116513], [27.17388683427668, 40.389643176015554], [9.645990574898933, 13.701330890437635], [35.16253544152005, 7.050055763253144], [35.74775977560453, 45.686472461138436], [31.255384570337302, 8.496224712742666], [37.439862307996044, 9.252622826480062], [34.91368048451231, 38.09149930204768], [31.755706940650292, 27.325279837185956], [47.2023795111991, 12.003483278340749], [37.619437877846, 33.569763492819796], [42.62619833028783, 21.70955663418098], [37.65750469706796, 31.912259043079374], [4.23680498278507, 1.6547567349588566], [11.682732051688227, 48.397024133310204], [3.1639162595431425, 31.139448420303978], [42.596659519002415, 24.84660314858303], [33.11992313903243, 8.31353599841726], [46.92984855785473, 10.156165609901796], [22.445915194991223, 4.318393316293795], [29.157528429905327, 4.0092894416205285], [43.51052478935556, 38.715351800156625], [16.622798529054393, 12.515632380657188], [20.207843163802742, 19.590187995013537], [19.138586565203, 1.151652449027657], [3.7871077428010604, 14.085940684740933], [46.154713467204054, 9.493836970591868], [18.955761946920756, 24.63709759259317], [15.319566442406817, 40.67350990536735], [49.58098493773328, 14.293605384234686], [9.78096969074153, 2.4688335244780757], [12.08476328183935, 43.947972671864946], [15.24957907251575, 40.05694498619008], [49.79107948155198, 47.37815207210391], [21.409789897818737, 38.44062959423946], [7.949543312526525, 9.7549594791157], [6.112706840056043, 19.031022767620648], [34.904951419635324, 33.264050223679206], [30.03660359466182, 27.92996163089808], [14.659875242464521, 36.59953835347054], [31.633151940959237, 38.994847134440995], [27.204461582542432, 15.048327317771005], [21.8234559228182, 8.592475569352981], [26.737859257889234, 30.78295977886275], [24.970841039189988, 46.96796162925863], [7.440839790212406, 8.415430962395254], [41.367871550248154, 10.140399358118813], [11.957768493700849, 12.101390500533322], [33.894379998665876, 30.488670965825055], [16.8341570275371, 19.978758593837874], [11.931151112222398, 31.29692451216731], [27.806334135891177, 37.598324310934174], [8.133409698853994, 35.5784204474648], [1.3560547249665378, 44.84261059725412], [7.8469939746815704, 2.4600425851644236], [29.12374889496732, 29.20008506930242], [43.53280809468919, 16.49490010078456], [43.62273138270036, 15.682361735584728], [18.47371604336062, 38.550774241962245], [5.263026512295838, 16.21396601287939], [1.1386640832562522, 20.47343389207308], [33.811305692284634, 35.511829260593686], [19.908143798912743, 16.597035189482064], [24.88928687517153, 12.616384110220757], [17.60666922461878, 38.58054682908286], [19.576658964212545, 25.821140090946475], [33.975615620476425, 30.610629217863284], [43.796562239898826, 33.90948996602817], [20.821428152366924, 19.578537354917046], [18.400941742626504, 32.92905939319589], [1.3099235646227114, 0.26836985117629775], [28.50028641482688, 14.67502689497836], [37.03499655554576, 40.83324415539229], [49.43950799287477, 33.13398498388062], [27.434645748992097, 13.80578136611677], [7.806092860922814, 12.985274192801988], [24.315415901334838, 13.735345892981682], [21.4104291980175, 32.3569340561732], [14.944476859314976, 25.886037409469797], [8.209123791086775, 49.668237036263406], [7.050134558386656, 46.180459630680296], [21.50005181761237, 14.671950880453316], [30.3316267033341, 6.657312033904455], [11.265286833203064, 34.5900829734626], [23.593126572383078, 18.272018878634277], [11.595682608061109, 3.070041047630445], [32.429715716722356, 14.71649767797652], [26.630163237222742, 20.2673465455334], [29.45838935608024, 28.07781333300546], [2.0215623509014566, 19.967044040542326], [26.93512855238901, 8.670810700753506], [45.77855315372121, 5.04801587810273], [39.48175779388002, 48.33491021693887], [32.40266824665855, 30.42862441717819], [41.314553766974875, 17.17473820309558], [3.996338418736878, 5.044514966308644], [8.93308221682969, 45.31776507534193], [18.8989775599295, 21.00533747714246], [1.0469492802699543, 8.89519583040997], [8.059209492937597, 25.580472198524756], [25.034577702997062, 21.946958448454843], [5.887165489829327, 14.146039619729468], [36.02087762479208, 20.670776181911176], [49.1072771916756, 38.91876312074603], [40.83264190153015, 0.8904501916274676], [6.059513897289076, 23.60869575689452], [12.568198823736843, 28.929292160826115], [2.4614940002664456, 43.893763984878554], [43.93634888323278, 9.995718021448535], [32.71083579574084, 12.05084243750022], [15.390830733244186, 36.33087438851015], [12.712292390988743, 24.96959031168337], [48.39007278397044, 13.251745309746903], [35.507678953867156, 44.76033287489769], [3.0239577754596123, 45.97170503883891], [31.35998073020862, 12.095452630933789], [7.744402093672492, 16.25401845077965], [40.7753215351148, 36.83343722970183], [1.1050036239561745, 45.62633309078977], [47.30211963952465, 10.997922767933638], [9.8019870124945, 12.158163480875034], [40.157823327747806, 39.181680932194126], [44.67668845742334, 33.042922344246456], [20.31078904553183, 11.30965099470756], [26.52541362437085, 23.988312031591956], [16.051095948552412, 12.478494912352856], [45.86407881231237, 12.761497659858968], [20.026739780013468, 12.785333885896149], [9.486328485563828, 38.14859404952482], [14.164824520881236, 8.84249423235604], [27.867528272457324, 16.68228365437964], [36.388767985710764, 32.540250971787124], [24.660812454961473, 26.161653717938187], [32.98391022806067, 37.75997462115218], [16.29514691643822, 38.38782655790766], [49.971610976914846, 33.10925453754439], [18.664010883543252, 35.993756541338264], [9.497823199235262, 16.455802651782992], [39.08211152003408, 24.977482127828353], [35.99519271301863, 21.214256269346272], [15.65282859299425, 19.340161285814304], [48.695859034526066, 48.16207355264654], [48.93334521789894, 48.63179228863647], [10.108817123998842, 4.145249066135371], [41.04945784263025, 22.519634312344337], [47.883996538463805, 20.432287840957553], [45.96747234131458, 35.997150056887264], [21.87943554750153, 2.609022475782691], [37.14646018769535, 22.967914080628105], [12.407893694109806, 20.414359050784327], [26.893159581438635, 46.57176698089067], [46.43630898317614, 45.76430140944638], [14.683379499102351, 17.39293667495007], [44.10286913551072, 34.4499452193734], [7.596710942216317, 4.118142698382371], [0.6010790356917761, 42.93346709083086], [14.266383732785748, 31.87434183064624], [40.67423272196981, 1.209189089944085], [45.416576378222125, 29.987035172074002], [14.474752197104069, 10.226705468377467], [32.12578814474632, 28.085097137566926], [7.3667962184373605, 36.19924946246912], [3.8925896935024906, 30.328190062294265], [30.89534648203543, 7.813888435843514], [6.6855909333040975, 20.12094404913773], [25.5072658680758, 2.880003247104562], [8.483198290011245, 2.828838428567071], [45.37533122438974, 16.589979780230962], [49.27153540716392, 19.193034986372354], [42.08825369040529, 5.937532326975031], [32.69510314341506, 26.537104321174652], [42.832911337191504, 23.87617960407933], [18.703663987371883, 23.64869068081694], [11.979221695641872, 19.624679603093842], [48.878956212638975, 46.54993060022368], [31.445351274949022, 7.10458820665521], [10.422396623562513, 30.76412989307026], [23.251293392070217, 15.600330880650576], [5.135670547472376, 37.815265097312604], [13.046136422144999, 1.5520093567291782], [19.590349434673943, 25.080776271701556], [5.599453014143513, 24.87963345825107], [7.421542178812252, 29.561953273032632], [4.788099266304519, 40.421782386110394], [26.94752997522711, 35.092966195870474], [29.644252659458086, 4.656190463794458], [44.73695068030068, 21.86507725355381], [18.791033482309867, 24.23492985855339], [40.37562014601733, 25.217936039032395], 