{"n": 40, "locations": [[48.22284023129359, 20.563842408212164], [21.7225394982769, 14.950242983703754], [42.73886109531651, 5.523251175927846], [14.01247946681352, 44.3726310921801], [27.338073558642566, 47.45021963105033], [48.26788601580772, 22.39925136169501], [7.000670292506345, 36.1613048709018], [36.19514764961673, 11.392984653744826], [9.400607571137614, 1.74884040649112], [22.435385696378223, 3.6925604897822097], [34.97005377832571, 38.964720994962086], [17.884310995969198, 32.95124531932211], [25.749081026303333, 37.71327817461451], [17.90404230396301, 10.06096223010492], [21.68457804444796, 22.0463759190141], [24.795154608096393, 2.4652696000730003], [38.434399474375105, 3.198014885997469], [1.0597631135241203, 8.234207348042938], [20.225499144927127, 46.28304741446612], [22.859185929834236, 15.398485352011203], [33.17796110025207, 36.540209348195916], [13.206206970996092, 18.680072239283945], [42.76243822050388, 19.835130927406713], [1.3522080572071715, 11.52841690160687], [33.43910665066965, 44.558794168088106], [18.266338857944262, 0.6450479150243771], [5.955278275684628, 0.7175591744903176], [44.084686296880534, 13.918150138461083], [49.616342263468596, 1.4567796164145996], [9.071288746436373, 41.54225036850839], [37.741149730372165, 19.52704016889636], [31.35668511768038, 6.530557722251729], [45.85937738234813, 9.344356301396855], [11.414102141268145, 22.946291698842845], [29.55666789260239, 49.899245031354795], [39.952915973767276, 31.633993958212642], [7.086599863694071, 36.39883876663967], [8.863429294527448, 45.99387548720165], [3.2769416075997206, 32.50120168323482], [8.008167117099212, 3.375474136090956], [0.0, 0.0]], "B": 400.0, "U": 2.0, "Uh": 1.0, "alpha": 1.5, "beta": 0.0, "theta": 15.0, "SD": 1.25, "SV": 1.0, "ND": 4}