{"n": 30, "locations": [[4.406648907510763, 0.3452362760752503], [23.119957989883634, 36.25682460668828], [4.995787965138543, 44.47223468106174], [25.472361347278593, 44.960691281476905], [6.1038703077264, 10.563195748019988], [40.8004646330155, 7.287185681259395], [8.643179109189663, 0.36530701347874395], [17.61205818998153, 7.3015346949085185], [18.797314067439082, 25.213099084402714], [46.61727090244158, 44.31292333815923], [27.617400544607396, 8.559268896074506], [45.43177964877454, 39.60622953114456], [48.28726627988386, 0.21821014403686778], [22.479248385202833, 22.609151869490802], [11.594300060699375, 37.08086192128731], [37.245113225392764, 6.293441663303096], [24.237657930377466, 2.7613895381696785], [19.47751700298041, 29.032929597614725], [13.986686792971986, 42.15709977691531], [47.642766613697376, 43.69445405173643], [24.436053799150525, 2.0995790144368476], [46.11831598921705, 34.001677554330215], [0.28472263347220084, 3.8580790482933], [34.34681918990862, 20.287712317773032], [23.28431784012497, 27.72261935263181], [40.5516767397188, 48.36103904788695], [34.32151859993973, 7.669049420399437], [38.071281469584896, 34.15583569221765], [47.798186222147905, 9.454653199921449], [46.21465005212938, 5.70525415866579], [0.0, 0.0]], "B": 400.0, "U": 2.0, "Uh": 1.0, "alpha": 1.5, "beta": 0.0, "theta": 15.0, "SD": 1.25, "SV": 1.0, "ND": 4}