{"n": 50, "locations": [[6.199515224621555, 47.75481403826834], [37.50454190016083, 40.92115537770991], [30.380931749036332, 42.69729513194159], [29.734347371335957, 30.92422940367328], [1.3519868386142442, 37.14141258664473], [24.612186991955387, 0.4278322002503554], [45.54719342746587, 47.634852809684794], [31.209390759525142, 28.437784212599233], [1.1612198385803907, 41.100875743454054], [4.285790355837427, 30.783962306270112], [35.82544953162575, 15.611961078538744], [26.0242500427039, 6.927574912825818], [42.2966189245521, 38.91834033758613], [3.0497959213520054, 15.96590030977046], [28.93659953376706, 17.157388946475354], [5.182289735509771, 14.2965253544928], [4.710543550325158, 5.2779342386368056], [23.269614365435025, 35.13786036159449], [32.811152221171916, 34.008356110574354], [20.192836105463257, 47.26482835366576], [22.722892063850704, 4.7850835274882435], [22.783718076311217, 14.714832622108897], [45.10813163059526, 17.814215420484032], [13.651925605130394, 42.49229281567902], [24.387021417478827, 5.937432373411866], [13.299634403164845, 20.585199378361708], [34.501655300245545, 47.8836245445357], [41.755353937421816, 28.615160261899753], [17.23147767111559, 21.52316001564704], [32.3755699622615, 13.71787241567412], [24.087820181998964, 21.130323763929905], [43.213689866935084, 45.5645751796135], [11.406464334860134, 36.14228857098301], [39.55754108881452, 6.453074210157251], [49.658798865436424, 47.22098519536873], [27.470381794479387, 5.52307678579394], [28.34457002951462, 40.505537441189155], [44.19422717101693, 27.48483342237894], [15.77323219834119, 1.2907446607287376], [31.713535687580514, 24.061794771801427], [12.272885299590348, 25.464394102349775], [49.87058999102329, 35.87863247693407], [10.263309689904693, 38.72234299244525], [19.168121472062627, 17.004991437232704], [17.466254525108155, 38.71324601328159], [35.00695212887339, 47.02548573023623], [36.53522143133732, 27.629493861860627], [47.276341909602245, 46.26261460032474], [35.0157636144013, 19.56319546713167], [18.860742338060664, 3.0722858173935386], [0.0, 0.0]], "B": 400.0, "U": 2.0, "Uh": 1.0, "alpha": 1.5, "beta": 0.0, "theta": 15.0, "SD": 1.25, "SV": 1.0, "ND": 4}