{"n": 40, "locations": [[31.577399403757372, 22.532585485427187], [20.80702627522792, 32.467268503006885], [27.116155867994863, 26.509238349151154], [35.454538652635435, 36.67462744438819], [26.542271114185784, 8.482494632460574], [37.21823889505715, 48.4745137838129], [32.025964577168146, 2.359138676638178], [6.264122816544848, 38.1410793948608], [26.65631558778515, 16.668569315812103], [33.72637823389155, 32.54704793826983], [41.319564596877726, 30.12667887382403], [10.687901430318941, 26.600611976053056], [10.549794166273923, 40.009753560955026], [46.308639517769066, 33.069598427573084], [7.793441410923024, 38.40571049692168], [48.061184039614666, 25.559600611610158], [34.6935459911598, 43.063398148043184], [20.444071656877753, 8.298744359462134], [27.49648098229031, 25.490574584733316], [42.67672716640437, 49.45242706851749], [4.926276668531809, 18.036841292242993], [39.11055286372983, 14.713974633405602], [49.090674953682374, 7.69243913253046], [21.747584796094326, 11.503170425152165], [43.207033485190756, 29.69470642202311], [24.684634608888178, 14.343579439602289], [18.48880800310625, 23.506834373432856], [20.084571460352958, 20.77037384137573], [11.619822507821764, 23.041336246613568], [27.944900586586886, 33.012845651255226], [4.321880219849089, 35.638666919586655], [12.668847559265872, 49.59407923662585], [2.2315749324099023, 11.705219829902369], [18.183638889482417, 36.459850096149225], [32.098009747769034, 14.47169254574825], [28.536326027713205, 21.539221270282304], [22.20345178431661, 11.849028727936279], [9.65102157052929, 12.108354256796888], [10.78874976647834, 41.93793876590438], [25.568595512510157, 48.604202461005], [0.0, 0.0]], "B": 400.0, "U": 2.0, "Uh": 1.0, "alpha": 1.5, "beta": 0.0, "theta": 15.0, "SD": 1.25, "SV": 1.0, "ND": 4}