{"n": 100, "locations": [[8.650651318129022, 15.700266659250383], [13.892027080723912, 18.409210740373176], [17.732194315340145, 40.50891192573932], [27.552031288630342, 1.677649090466743], [8.698924112780087, 32.505862530267734], [5.703911172428078, 21.360855801797822], [31.660177433755287, 7.804788206124147], [37.84424222331772, 26.476020929720235], [36.82941318329249, 3.614425183042713], [12.781109285137044, 28.120490798233583], [45.226947545491385, 15.898457681306239], [39.53902797314156, 47.795328118465754], [11.964787706564955, 21.48546846240974], [28.514476977667634, 49.49713565416099], [31.639872926178782, 16.50923360459752], [4.5753130616304984, 3.15888244564671], [29.336403026523982, 5.094450509101933], [25.462186472228282, 49.97407117230219], [16.978456499027452, 32.86422862235826], [23.586485343878177, 43.547746899897234], [1.9891758927803371, 30.14657999604287], [6.851877967330639, 18.242854837025472], [13.034456704314652, 41.41455178858362], [33.72770996084223, 17.85831190512244], [41.301761739856815, 37.456681412557145], [21.681370630571557, 11.826005136078466], [7.201959144782699, 33.24372318291558], [31.607067299528467, 13.81077623773354], [24.926135336696635, 10.937351387056571], [23.591675708172467, 38.803571428357635], [45.265229883461274, 23.938773900866284], [13.03142851165357, 25.72206235722793], [19.030331116205048, 39.630216284469846], [36.74043262685435, 38.955755819060954], [29.765232323561158, 30.377194643560053], [30.82328706916654, 42.100993392963886], [21.92153333590558, 22.535441062374563], [27.011888477824435, 32.672478683734305], [14.87063792347046, 13.66846935252734], [19.9406356641666, 12.505551717990581], [4.649300721345279, 20.628225415137024], [47.11528312103521, 11.79564008564068], [22.459860575452023, 16.34039044165803], [25.30483455986252, 6.260909711779944], [2.1146189132340454, 38.246417671320984], [4.315700205978679, 13.755777828879074], [38.17961779400298, 29.649417921280246], [30.831558411133475, 9.038464712243183], [49.57249550707782, 30.37570948688839], [9.29317166262421, 44.44034675710238], [13.09408579538629, 14.31887536746322], [14.624244566465455, 34.131122895396565], [40.67407487580996, 28.520224092745977], [31.09504808878271, 49.862166577762906], [7.208958590146031, 36.16432998510476], [18.03571328149498, 1.9100657593562553], [4.205514911263086, 44.728785064320405], [48.29242802070047, 5.931157360352691], [11.174981154123248, 3.7271119378834925], [35.88220633426175, 24.538048847722564], [27.349654980848097, 1.3684012742945062], [42.67695716599824, 18.087909858885], [34.46126701080931, 41.83439766163612], [10.348916230359428, 4.79118033201642], [45.238796852842015, 16.041551295408706], [10.312935232203618, 49.76815399255161], [28.935134182632865, 15.215011240315446], [46.89768847697465, 10.522731492402503], [34.36610510677702, 10.481403073915018], [11.884119249393754, 4.104702752077594], [27.882670295160406, 9.078247589617789], [23.239087851289646, 29.90849106905673], [39.873724753646414, 5.078410155764457], [10.240449162511217, 32.154078715763525], [39.1929903472606, 37.13396545422686], [48.398198129437766, 27.14605306002526], [20.690604985602107, 45.6594698271026], [24.661473768145058, 9.05762843846894], [28.369233996457986, 20.683704136564756], [14.38450822692241, 24.324687821105268], [14.330162849845179, 28.22420281303793], [26.8759271660231, 35.114487604794334], [6.547202354036136, 24.468781590596382], [14.522833923288047, 34.541108562332234], [10.135205582875189, 20.44431569330922], [47.348705680367345, 35.895372792410484], [18.281047734700955, 48.79883921496222], [33.380586917162205, 7.69005881940919], [46.96140361168531, 45.06519685802877], [7.877915474305092, 44.941798507534585], [47.83551835493985, 12.851321259010312], [6.23769996718177, 6.847723808285772], [35.82885847273653, 14.99781924627523], [0.42442754432124863, 10.07486975140658], [14.127275618929769, 27.334251786226943], [47.57736344043486, 49.93321353653688], [18.14974333282313, 28.628529596862258], [29.01266166136145, 2.4319141207355566], [28.0233844033938, 19.0279741020294], [10.745468624533217, 4.327344994827865], [0.0, 0.0]], "B": 400.0, "U": 2.0, "Uh": 1.0, "alpha": 1.5, "beta": 0.0, "theta": 15.0, "SD": 1.25, "SV": 1.0, "ND": 4}