{"n": 200, "locations": [[14.568875197672204, 24.789995984660607], [24.476471700046115, 12.86935207485413], [1.2666967323662737, 43.8527159248836], [36.02284021639513, 24.924415205531304], [47.87730612900139, 33.61707061141646], [2.1299892090812342, 18.45418338170401], [44.26943073442416, 23.87105281355908], [30.377258885324594, 44.59357947149642], [44.870510183062166, 18.738322858788653], [47.77818803453024, 43.79475453701993], [43.25399369565497, 26.994268770324393], [15.033383851060117, 23.232857922680992], [31.52445217198412, 11.900226800327896], [28.278485603381554, 11.224029472085629], [28.346551071905772, 14.697855084185102], [45.00965670024477, 26.960870250888945], [13.121310520498392, 22.88869749701432], [36.37107664347522, 40.945316087014604], [22.39854887209485, 42.154876596910654], [17.054186223225265, 26.459802534680648], [47.5649897068105, 0.6019468046245036], [12.587890802563944, 42.00136883143305], [29.18743104957167, 33.13565030493431], [19.22795476391287, 5.502042870973101], [8.561598442128144, 8.26556820683933], [36.921058681524755, 18.294246793243772], [8.471834912774812, 26.330649671261096], [7.864229802636618, 43.01829752273264], [11.30880704478514, 3.666649246953985], [44.69690248864754, 7.050262179676958], [24.446755692904, 20.75209827762206], [19.65827447497441, 47.95015771790633], [35.52101548402767, 26.857663097373642], [30.524983165096824, 18.19156041882571], [38.47530632766402, 42.34938833294472], [32.3813516886673, 22.246804552857974], [19.913573915623495, 23.284253142958278], [22.144336565453234, 38.9084394269138], [22.2657872421498, 48.38594274972007], [41.67563962204877, 10.79806104451535], [19.93052362509003, 43.54486914174888], [19.422294525980327, 11.441252505443494], [28.809089624763217, 17.767883878532448], [23.045873538690216, 47.920785238705335], [48.88088187012959, 8.661427404888833], [9.599988749526672, 9.50573744422361], [21.501575884406126, 24.87273465187319], [49.69243145716742, 5.029404349813172], [9.878447720120247, 37.85562542822996], [19.405919201347317, 39.82565097661856], [41.82567816134603, 8.32840225725871], [16.233259976383952, 0.33451150898627935], [31.59440275508642, 4.541942297343743], [3.1686712197886937, 18.340088100321424], [2.1553776493560717, 38.60267924923126], [6.821130986674984, 14.566651383341195], [9.589810590005248, 8.48847397092567], [43.589305859224275, 38.06147627772488], [49.2346594591468, 3.0734252026915043], [21.443959736338996, 47.00626781729652], [25.22030340487816, 31.165021920159308], [23.887122925240746, 34.17218489336305], [11.110602027547506, 17.855367874438098], [1.2063748988628997, 25.304885902264328], [33.81309289123163, 45.60765259486576], [25.906213256972876, 24.267994240458517], [25.424539211922937, 14.112388657564928], [27.175185912095284, 48.049092872363644], [26.1393675830612, 30.97357280259938], [42.930412484827414, 30.197131582379427], [30.743741427314113, 2.583450791275893], [15.242501420947663, 15.441934632548621], [17.092492416502115, 19.22192123337044], [47.938417549856794, 42.163050064612904], [1.9639341895342388, 46.434890711845036], [1.088477178700037, 34.58966468057625], [36.004252773236715, 20.714308277838644], [41.65109639006266, 29.686820993817914], [4.106082341935036, 19.80179020834984], [16.77393976887035, 25.34771790924502], [9.705415160028242, 6.886290559041258], [39.10814008925769, 41.8527405236387], [38.85760701308556, 32.12359258146794], [4.490185304247197, 30.886405854688732], [6.242766523365467, 1.7637301749448109], [6.68292727585309, 17.286720409264067], [38.797050560891186, 49.696485761850994], [34.95763044008203, 15.75387198223096], [46.730630727543875, 24.931940329728402], [18.42344959488474, 40.209326805845606], [28.920324538165975, 14.285050761907792], [36.27059177795934, 17.47830812357327], [48.403137807747385, 0.5803052815156695], [44.37106629553307, 37.69482464594023], [26.96204616398771, 8.9467540760996], [46.91812494875766, 47.40208168670091], [1.1702161997325877, 39.40705596786092], [41.18135334654028, 45.10899043614206], [22.492269866970112, 34.2863523744562], [29.714871924998974, 41.479562775831766], [7.262045605958811, 35.21339063946506], [41.71225795085285, 24.376550614277846], [18.41606221978355, 29.15591333246229], [14.902023188770064, 16.862989406133345], [23.840512319709227, 23.109116586251165], [39.1518968890693, 48.66854155259466], [16.387844352667948, 28.360603805961315], [14.867151788023374, 39.906417413336264], [6.994666074380085, 47.29104645814145], [45.94556246000146, 44.20822612830363], [8.476839688755955, 47.72505784006454], [42.75337270704508, 48.77313757150678], [5.098859971757403, 1.3671158128320926], [8.904327834860549, 46.746030009052824], [7.54481043596949, 26.899391441174746], [20.967699478160647, 49.256285320475584], [20.89715628992189, 4.901134190178119], [39.80626924990424, 13.840062219854888], [10.628435306988699, 10.779793385329834], [15.842459842575824, 46.717683947188476], [9.519666710490654, 48.15427740487351], [27.598940089205254, 32.15390091523725], [25.143803060521485, 1.4727143195954862], [16.85574903023303, 0.1895986026409613], [12.615108694272026, 34.69146031973152], [3.3970919844012073, 5.457556586405832], [41.66749228871709, 4.707280828173316], [18.47992811836044, 31.598765471795065], [39.082807093024854, 34.95192056932798], [9.75158294653548, 41.26904529775579], [7.428791285110692, 18.990618638165813], [25.128276106161795, 15.327041917977569], [40.59508816590352, 33.37044734823154], [34.17178470597768, 17.745316688276976], [36.24201659833515, 36.998393619025855], [30.84640541697578, 42.240809021343665], [20.460403378558638, 24.188118033222146], [11.398549099894307, 7.484673432018068], [20.99976774845831, 7.604599653476502], [38.05903026009843, 14.57558033017315], [3.3095802065429614, 34.38996042324681], [9.80450403841569, 26.61454162906261], [47.26793827462861, 7.9589083019927065], [8.786564367100697, 21.56031621666449], [6.780741290861675, 19.84330151827866], [44.21940828987867, 48.98417842142071], [13.19143904450738, 41.66636025231066], [9.521830669488024, 24.92045528929787], [33.20292770367382, 23.11604134812038], [36.5283637850547, 28.34216215776877], [11.90600488621168, 5.534635130847398], [23.312692582372996, 49.81724208556636], [41.00755083855477, 39.09268234507796], [18.90790525120615, 24.327072797529954], [19.378850609599418, 37.53137205415813], [24.84804043900171, 45.08315215157558], [10.502058997381924, 17.82210975206603], [15.339184852685339, 29.939396684083476], [24.46168540607886, 30.05518963811499], [27.757821034137375, 39.16281112537489], [8.052633131434034, 15.001248630922454], [6.0650751427611285, 35.46915965588565], [44.559473915177996, 37.79899380449514], [18.847629672363, 39.579668255865116], [6.892487138052051, 4.984467075872029], [14.796376278629763, 5.607039337071068], [30.262783053211695, 19.65338007190569], [24.204340600186462, 24.417272038086317], [30.746804665289762, 37.54700362075], [18.097738203503578, 6.514639119013577], [49.49772957234702, 11.969484358660903], [42.73556024595935, 19.158094322377178], [19.324779485448, 20.649911081445076], [30.47828817896062, 36.62804399474694], [18.472158467319215, 17.43039039487064], [44.53907720334349, 31.122852912443484], [48.97855895632074, 35.73553175462295], [41.13722787343232, 29.962933474164704], [35.84287318023158, 47.67048891548723], [15.773421255946785, 49.02157851361951], [13.985107106880806, 44.191604204021736], [3.338472144672966, 24.948908580651803], [2.021743902973294, 28.853051252371927], [10.557498884158539, 36.572905040090106], [27.410110036201697, 41.3797157900362], [33.10099236263499, 26.89904525365931], [33.546019427592775, 39.0741691433534], [37.58896372667165, 0.7649917966231212], [15.675105656561605, 31.317976900298166], [37.81451907197058, 34.229066102248936], [44.36736123432201, 1.0841562670580618], [14.546506223491019, 28.27375073783295], [20.508920878683252, 33.41668871828784], [42.68221597267735, 9.458433493497353], [4.230846660351329, 19.64069034760403], [12.282575166305698, 