{"n": 60, "locations": [[1.19414081930308, 32.953188277519], [5.755845229097933, 1.1615151227432396], [26.51354331705202, 12.965000975150097], [23.523932416468185, 3.571358178536943], [21.81301104039612, 44.11534534418682], [27.801608104073587, 43.16304394727011], [1.5321259112346164, 31.049090018825865], [37.46871058882357, 45.16383602966471], [9.985679181165736, 33.97268472120673], [24.146924790370406, 40.49650951557017], [1.8355002189139824, 18.826487546203246], [47.34963430079082, 41.1169084896007], [20.472199389774175, 15.096547445336805], [6.5950768946508305, 1.4407565430823444], [48.63949723180633, 24.76566893444254], [15.814487072341365, 20.847480717882576], [35.081306195589995, 11.939846855641012], [43.72805133192557, 17.581515543738657], [41.69291639805226, 36.078540114196635], [4.824038070895142, 30.299619807710247], [4.5196672787008225, 38.070009343106165], [6.683437915908419, 13.510599689608844], [46.5987228697491, 31.246563935170947], [8.071669317217427, 19.721806598106095], [23.53241064944738, 0.7621337453774357], [19.428991238505755, 35.81377363343792], [49.46341498876571, 18.950907430922765], [35.49670057822299, 38.016493295634746], [22.691058331709307, 9.309303637977356], [37.588432015751074, 23.311460909953652], [46.09815594594198, 47.33284827877809], [23.456453210905586, 10.085979381548938], [7.548084392616889, 18.94813572022792], [43.77402081267545, 7.65658996733356], [39.214689601300975, 48.10061358058179], [34.7163523721408, 6.8275673580601435], [27.684766084927208, 45.09533392780191], [30.92245586380728, 49.93760353245308], [28.883650256386666, 29.13149681838242], [22.85150133714956, 14.977248430246693], [18.900067087607038, 31.320887290805853], [20.1568363960683, 17.718056239479857], [0.12364785751121654, 48.71438982513855], [49.86682326836584, 16.92533805352097], [45.07009468945847, 34.809563368036784], [18.534563580737224, 30.059624808435416], [31.004904040055685, 15.704690029180203], [44.74818817309324, 8.901818482668988], [39.016355960077675, 5.930609345676585], [30.446300602573096, 33.910922155768944], [47.98625610376566, 7.891238643396137], [4.1584371009437735, 44.37085182787682], [31.16314386469659, 43.902452906300276], [18.22405142741604, 45.31180946582864], [27.884587703187023, 41.33456678037499], [39.109695486167254, 43.983125784652586], [48.45231641474644, 18.747085957032855], [21.088774159737444, 16.72191210203418], [6.385301594190573, 5.38673130964476], [37.3203502715107, 27.80699209818553], [0.0, 0.0]], "B": 400.0, "U": 2.0, "Uh": 1.0, "alpha": 1.5, "beta": 0.0, "theta": 15.0, "SD": 1.25, "SV": 1.0, "ND": 4}