{"n": 150, "locations": [[24.40069879503173, 46.054034089393774], [10.949506588291774, 33.19668647761162], [9.703997802540536, 35.35692505828802], [28.982205445399607, 7.024831928096003], [36.10208135207327, 34.680470996302894], [25.848831101311294, 40.59009634464229], [32.36101268038264, 47.00647694165265], [31.50116895639953, 25.523183477152923], [12.108297848711585, 45.22951591926345], [25.1454787763488, 20.176046264274007], [24.47901847835307, 1.6267397823848395], [8.419177949618867, 18.521901073513945], [46.818090489726075, 45.02758052977808], [1.4857686919244495, 6.6454146130741965], [13.881977657620686, 17.283722060161118], [33.935804250956906, 2.9597228973330783], [46.19933948040182, 45.737499790039514], [19.65886680084662, 18.55396088569953], [41.12618674652154, 26.323804188282406], [1.0345061087737972, 37.213727170024114], [13.67994988280885, 45.85074227208323], [46.43102477281287, 44.58388028245055], [19.292934755901996, 6.932416642802558], [29.240524117703405, 1.6523534931598305], [42.09285425555271, 2.6829742521544575], [6.717080611195642, 41.622635076266754], [35.518461606740196, 20.559905355678392], [12.481318577387974, 18.128619769337423], [46.38283390917166, 33.91216786266], [35.372243519501055, 34.424701462061044], [22.40803425443037, 22.326904391942982], [13.742434154750566, 36.11049323813727], [24.398729373278684, 41.333146609388045], [24.367560334915005, 46.76952289291653], [9.541382574769031, 8.009099759827954], [38.585039050295194, 24.990215662449895], [46.82236512800697, 31.358595011140476], [38.64532556823216, 40.30061059219152], [27.95166912375377, 36.72091306810874], [10.902125490038534, 40.2950318213068], [7.699178801810391, 16.498608949824558], [25.453538260257375, 8.495746366248108], [42.46886035049335, 33.757664116261196], [48.66196171849166, 28.311311644827043], [30.922172175563347, 7.05755384350184], [5.3391473496589406, 34.460634495730616], [3.5035044720901745, 9.159412729661847], [49.46785097320569, 4.652981342153262], [20.300912120388336, 26.00985488537576], [22.00033179546249, 5.693310206725482], [23.091398077693665, 49.889433066159214], [16.20621823787236, 0.7651278462874167], [13.925684660106585, 23.9483647014058], [49.36641679358193, 19.53493728766948], [1.560485945611978, 49.423205810062214], [23.750275549662287, 35.141732661544026], [15.184337960755483, 44.287187578856646], [38.019031752784954, 6.628889792214348], [35.63965316106534, 33.90102914363813], [5.986567585800229, 31.152115775770277], [13.837935202256856, 40.401395670714045], [33.85836141044416, 3.2191368372884224], [40.431257506439245, 45.067391737702636], [25.370947895302614, 23.011180986297557], [44.9902098314439, 14.777778169079603], [25.63498598727223, 16.744215827292958], [44.57907080680218, 48.412529665513034], [7.472876171821163, 6.392744212988233], [3.6796991667473966, 42.95698170876776], [8.341992738065123, 48.47120415906209], [29.55524533457962, 17.7503209052004], [26.215028432693284, 37.60602987416743], [49.83386679083548, 26.980093985121766], [41.96664120012211, 39.065976763344906], [16.338303790972546, 18.02675298953787], [46.41638665492061, 16.68498259364826], [13.328305510263416, 4.874675617321], [8.453283828156327, 1.9121008420477814], [15.675986386374813, 10.2146602680258], [39.19371301088972, 16.34830618027559], [22.89825769994588, 9.271483293888693], [36.265136952289545, 17.53135218101202], [43.03126994836775, 16.329768326779536], [30.13416800293993, 44.95916137338514], [9.164236981110962, 45.442890890542415], [49.03279936774139, 45.11260785496673], [11.972280161980493, 34.73378817423033], [10.664136458257223, 4.586341838166969], [49.41392121576648, 39.45605686859287], [9.19278275062192, 31.60436660122986], [18.655372628193444, 4.2538914721555905], [27.42095206677349, 11.990652308346556], [3.825532093640999, 45.11886691605328], [19.83074015863678, 29.210912456716613], [21.93790143310378, 21.893356644125934], [9.808542276705372, 17.504261946193278], [33.32425946540799, 22.551774426353983], [34.18665492944191, 47.841023759667515], [26.201060269832283, 40.22444589737423], [34.19937181140893, 45.78207638246958], [19.800065247879207, 48.89468268208869], [49.14201790839932, 38.45704183705389], [48.65279986011335, 15.312216366805275], [29.99302992896822, 28.175434492355084], [19.00799225783421, 13.075914166435304], [45.31260383363956, 19.42076828119439], [43.52557723001313, 2.4442617599786223], [15.493872338612913, 17.81246757077791], [9.12556695720846, 14.688298637541052], [38.60132455827904, 33.755247384124196], [23.710242396239945, 37.06641506275492], [33.04509335512145, 10.305798324857607], [18.529868237485616, 34.72496936146038], [9.515840863024682, 43.90380582885356], [25.501833254848144, 7.853565728336909], [46.667058208504365, 40.23207648193536], [48.564933537661275, 30.335259904837038], [46.61326062099042, 0.09126862762421917], [11.61591215222655, 43.10404736658646], [10.592180124301331, 0.6013258805051325], [26.727887732833754, 1.8375150631785853], [21.36327977318907, 45.338048934327276], [41.71416031288241, 28.400669045579395], [41.98315117102612, 5.6661458057646], [23.30483842230081, 21.115509212759008], [37.68249624052309, 0.32106997274808924], [38.46289881095297, 46.60305926861182], [27.029359208442955, 26.301584698097574], [9.330022922443082, 41.8632023153222], [11.264904330425175, 17.08908141738889], [43.81542643745869, 32.725997207130625], [37.74353580519069, 47.52643756064102], [21.18438009382075, 45.57879133248672], [25.05212193325252, 1.33604548277374], [23.218408154149934, 22.614032039159284], [39.165315449939506, 22.429297576418154], [4.208749255615235, 4.470011228065374], [42.871004871476494, 9.331578930329398], [43.313426285553575, 31.132398117892322], [37.92704383156321, 10.939990399096155], [8.97943876242352, 33.067506193536786], [25.06290980248535, 30.987352733240108], [22.86137694762572, 30.90744678302759], [41.74582744992269, 13.91912390485529], [20.966795823554996, 6.029639476310733], [18.642889630319036, 9.908231362494918], [17.122294227016, 8.247610328887067], [22.779995429361882, 42.31375524586035], [17.35824204503547, 33.22860211822075], [32.136221996827, 2.305181447460314], [0.0, 0.0]], "B": 400.0, "U": 2.0, "Uh": 1.0, "alpha": 1.5, "beta": 0.0, "theta": 15.0, "SD": 1.25, "SV": 1.0, "ND": 4}