{"n": 50, "locations": [[32.982421143182044, 30.105678401161057], [6.742817745821361, 24.277705618499052], [35.584463447999184, 12.775382496521171], [10.234719530746977, 20.428762862157207], [37.72233557479615, 45.392585098392566], [36.17926799100534, 4.242254844448063], [5.486919849250421, 11.01962809509045], [15.381818893782317, 17.523562852649693], [37.98746785230355, 33.70165006086675], [3.635674738178402, 47.999844875797834], [14.265993508898472, 39.70900255701526], [31.95403191083073, 13.733474471987323], [37.529653360599816, 40.60873727263331], [33.84830871273573, 20.189363397243675], [22.554329649252207, 30.387812601855106], [44.47941867399992, 22.95972136117198], [18.765102954603602, 10.094297764511312], [39.9407320826376, 36.44383511593062], [3.0903748681420318, 6.956827905015317], [43.97750719302115, 15.056773688911873], [12.109280635638713, 17.368101746060137], [18.99917184315882, 49.19250383975216], [44.019549449440525, 40.98343622059758], [17.679496704861684, 36.520352672687565], [24.891708709035935, 19.981505705635676], [2.972660994370735, 10.226715175565431], [29.849008628335653, 21.709321886861805], [11.018996267868243, 21.183659166175044], [12.513113757630755, 22.468562670241564], [39.95645602308542, 17.623854862369438], [35.6334428011602, 13.432435722702413], [36.792587035653604, 38.07063738234546], [33.14337511484198, 2.3786875119919837], [28.010263913473054, 7.784527328868284], [8.661173579790749, 42.53280951955458], [17.15349982127723, 23.01365144811144], [41.065312307654004, 43.252943058361794], [25.365185578022942, 32.49870777145478], [12.89585183269007, 16.121145716465534], [36.81026870321095, 3.978385041946214], [31.46390150674907, 35.47403361615763], [47.450630566155645, 18.893518498625404], [17.27355825777885, 38.13840105564804], [8.313014955252356, 42.52317942071674], [17.538050097507146, 15.465571078029583], [10.79494713279715, 16.962154388842766], [34.47868565927834, 45.182234356768504], [5.910448409511288, 4.051577917874882], [0.9491579448298926, 8.54966853809887], [9.064962049161746, 11.981574876264828], [0.0, 0.0]], "B": 400.0, "U": 2.0, "Uh": 1.0, "alpha": 1.5, "beta": 0.0, "theta": 15.0, "SD": 1.25, "SV": 1.0, "ND": 4}