{"n": 50, "locations": [[45.36797562012073, 20.217741666673167], [36.985237988032715, 12.900397047748847], [38.9431377231487, 28.395868496057876], [39.47056186271968, 30.509680865279282], [26.759270094019193, 40.464035546499666], [4.721255820420639, 1.9425474735309367], [17.12943894328473, 6.08576103524639], [18.6560456917337, 28.3238312011176], [17.322952735312956, 40.05648749557384], [4.970127928034874, 44.73724985616059], [25.120017432665055, 40.885415180688426], [40.51353789958728, 38.52228430082562], [40.67408522334234, 7.5862981889296135], [41.91939901047728, 13.945477056363936], [28.26704608237221, 47.721906218677], [4.046728467326183, 16.375501312158214], [32.90104995435732, 31.564013673199288], [23.370573387179334, 27.978454790396817], [5.635338196917211, 18.594321372472127], [8.890991938398829, 49.42380105168084], [43.48918379761012, 39.95529978950267], [42.82062592985657, 14.292607777251371], [14.617967576739572, 19.59742523759867], [29.14481691029367, 48.184485877932026], [8.459317260203147, 28.84984397529441], [9.411821971020974, 49.60444698146087], [4.18618487973586, 27.664304112067022], [39.5017712419484, 25.45963117328951], [23.4873301757637, 10.884553884102566], [24.657452948155935, 22.594441993138233], [10.26305657126952, 31.45553485292266], [32.53618152010486, 8.701699471285485], [12.839061015463638, 34.74958867174687], [28.48942508651416, 21.51872889228209], [11.706408542760899, 0.1483034700247854], [40.1302166608126, 37.57132160874274], [2.861601056782775, 22.45781883739414], [2.377074625216624, 48.395547391896095], [22.01565957287398, 16.385056165739375], [27.07778474641314, 46.26791982754832], [19.73105397331072, 48.01987711983431], [47.18420628726571, 21.584842481732995], [41.11547458517429, 39.76645306211389], [29.257739627486817, 16.08650662756414], [12.345899579360008, 7.337873167478054], [0.29284539500611384, 46.97773461772496], [38.123945999754476, 4.078774561717963], [18.521057286386945, 49.506560493800606], [19.631305743729634, 32.46587611431303], [35.338533890609106, 48.000701315581544], [0.0, 0.0]], "B": 400.0, "U": 2.0, "Uh": 1.0, "alpha": 1.5, "beta": 0.0, "theta": 15.0, "SD": 1.25, "SV": 1.0, "ND": 4}