{"n": 40, "locations": [[28.961887193698498, 15.336702165738048], [41.80994112870625, 10.72132455627844], [25.865859398797376, 5.8746180408882855], [37.887162609042015, 32.80006161472897], [39.88623764315237, 0.052866889878872], [20.461684552060973, 11.628867970627683], [46.25380342200967, 5.528267489357075], [36.53315688283536, 46.05802932920834], [26.948278719369668, 0.7882031144263724], [13.984904369058393, 32.5334425412036], [41.033002665484844, 2.4267928472299696], [3.3016383333850428, 34.53359935515087], [49.90520199274629, 5.4251921284954205], [40.12910923056107, 21.121917637171716], [46.264422864917606, 34.12003911856985], [28.54435020180737, 0.3653021750613661], [26.537706130255906, 42.086986725083925], [1.8456868552290728, 10.68593325081994], [21.459339034325314, 28.208589806660566], [2.1409375440958556, 31.053878167068216], [32.28677491104464, 27.82628671985214], [42.303079527171796, 16.295911284751718], [28.586738452769, 4.556426617628984], [27.60614191868831, 5.981960821353949], [15.697740873526056, 34.78455669117737], [24.544733393758694, 43.97401797126374], [29.725647604502043, 6.45453757965787], [14.517785361552477, 10.474424409370576], [21.633268855842708, 36.75342999231865], [41.874095695713585, 26.23801830753056], [14.575220336522204, 19.7295975206268], [45.36105474635747, 47.96904669470226], [1.389799647244927, 49.120537124616995], [27.856658084361875, 12.878751473824623], [39.476726469332604, 3.46254360402819], [9.007625511831646, 45.27472590771547], [13.513997757998558, 3.994354979897902], [31.73605162304321, 41.91303983795578], [40.95316925558456, 39.246421657028016], [1.743318958014256, 13.349561792731512], [0.0, 0.0]], "B": 400.0, "U": 2.0, "Uh": 1.0, "alpha": 1.5, "beta": 0.0, "theta": 15.0, "SD": 1.25, "SV": 1.0, "ND": 4}