{"n": 200, "locations": [[39.911326395456484, 35.140318432914874], [7.230954447644383, 0.8239958469408448], [13.843166148212733, 34.02882035823668], [6.962381823530878, 20.423233020151564], [36.67041689155534, 27.916830615519284], [9.16866329113984, 8.319748679363242], [19.510985430254145, 8.551048469542955], [2.8992975508721317, 27.47642260853255], [45.64113710679729, 25.0984534323183], [17.917757710854243, 4.811796569291271], [33.897042492308685, 30.731797027916368], [29.414770355017914, 39.46172084751207], [38.86305559560406, 49.80077152775238], [43.96790544053973, 2.7501230522308795], [26.85684261463994, 28.06252424694761], [5.894830089447672, 38.226584910522504], [24.729088457869846, 7.790354919024861], [19.89624191026069, 31.312693827803983], [24.732502233787486, 46.69360816038627], [43.518170135808326, 9.866949091774767], [6.004631269779287, 13.682211998469585], [0.5115855012297665, 38.14530583833431], [42.132695638278236, 49.75677489150198], [9.988120127467937, 7.9606495116039175], [20.60486169207747, 28.966204064988858], [42.845896703430945, 11.695705929617189], [4.250560623541455, 41.57160683268201], [47.039173290049746, 1.4650133655717101], [10.606042949366328, 32.95898079033742], [45.35062073691872, 10.326818974979036], [36.90776779174597, 45.096150174868654], [28.86775544233136, 5.702581177056837], [34.476418924789606, 28.39880575055398], [25.44578128066827, 49.65886256439367], [11.530099684532674, 7.587416264444824], [20.342525283007106, 43.821559025610426], [9.809479683271533, 10.709348255442192], [47.857743003683225, 35.01238582863835], [4.66550183440223, 18.953604591666718], [15.477753607662608, 18.44048798674227], [6.641566517781255, 22.348482193964607], [22.92883676843061, 21.908012173982172], [35.39925540777377, 5.6572977174105805], [30.635796841506874, 43.2407570539534], [48.20599306851443, 44.60998531972501], [40.24880972717839, 24.332527105871566], [8.576304656069134, 11.024286263330835], [20.075479557352466, 13.188590471942485], [49.86028657466772, 3.0990957943432207], [26.61513073663665, 41.58807163886444], [25.37029584770472, 8.558567383041115], [29.030049585242118, 26.176458952743925], [15.424347285398781, 49.90229585005538], [39.76616701699546, 13.366896486357433], [2.3896002211051703, 33.70147767918141], [6.875503270286543, 13.131120256860324], [16.269618712875054, 31.719455403675674], [20.268841438918024, 24.09932013553724], [40.82798003445149, 4.161617582877097], [8.807468307545136, 27.526551007341034], [5.336397822106337, 26.02508102855442], [20.840884168070573, 37.907174051147805], [40.84020732132844, 7.61773929816254], [45.35019915464578, 41.7297402775081], [0.8311433530754087, 8.766970589849365], [42.04906905451831, 40.790289463149506], [21.858847512728723, 42.84035317272066], [34.14486855645676, 22.846212532458594], [10.4887120836285, 26.130077022661695], [36.99685086324613, 14.150397103297713], [39.92747918095137, 21.39257322078481], [16.01903597450666, 31.856121518933428], [45.95475447601217, 40.759551169155685], [41.940255444171406, 31.5536768397235], [10.185212292428409, 22.935555333129344], [26.298267956466248, 6.1976387660885255], [27.62734139493068, 36.41429288477786], [16.079558726123505, 34.83738583553727], [36.60281366920549, 17.312495552587386], [32.35815594316552, 12.053648727939265], [45.37783114456478, 48.79404172696584], [15.518968958775597, 14.647480215990328], [5.669454784131739, 13.688764977464151], [38.96538100915605, 18.10447872812077], [39.486817353318116, 33.6111374677969], [31.041115731968066, 13.64067358169272], [25.866159250146588, 28.705016989314053], [41.67764209469579, 7.216953354496142], [29.072033707526984, 5.348237922278059], [10.052473651122751, 14.383010607118418], [42.12450606941976, 6.213994666879397], [34.11597960493865, 47.82681258778741], [45.178796470528304, 44.82992712614093], [20.529738135412074, 48.67766977209252], [21.06192260526975, 36.405671880185494], [7.159552464360003, 34.5705406719479], [25.47281978383752, 38.01568622049941], [2.2576032914448763, 36.04341342670014], [26.15057089336793, 9.658560819784313], [2.265075253502852, 18.365421540650477], [43.11302142850242, 22.419137886040545], [32.697040700244905, 16.726594366913606], [39.01951374066701, 36.279291353880595], [19.9604078983345, 26.010782929041127], [12.038003452385537, 43.28011751896658], [7.651284720602819, 22.850160354776396], [16.460049328886395, 39.02911556014335], [36.78719282828201, 23.33497097932531], [29.5330565576922, 13.96822855028006], [34.47173758207865, 9.423517936020776], [47.82955975821912, 47.57142288726911], [3.65016702984326, 31.479512151799092], [43.18729787132978, 45.547098208801714], [5.360149188202717, 35.454706363690086], [37.76070497668589, 25.911156710283834], [44.311929199330095, 22.87351995580023], [44.298235703223185, 47.96917463095035], [25.331112292786965, 33.438759798275264], [41.4111748497394, 48.2868865856405], [23.63701536995817, 32.50508792059907], [11.129708265926796, 39.08821706791476], [21.08507812104018, 41.00906254556375], [20.04552940191075, 4.627093874011323], [26.381188138667643, 2.7520488921039146], [22.723657674712882, 36.091807467669504], [48.763850612203264, 8.296768050296311], [43.95465821566595, 17.877581211532405], [14.45002931815791, 16.98613353662485], [40.39267801200369, 29.291425876647654], [42.7331042503146, 47.12763941311567], [28.345171835599146, 43.94156418383335], [49.917881874700484, 14.804867667601867], [36.54301770900512, 44.41717271735088], [11.85195116663405, 12.76645679135342], [38.38072999567178, 44.6904505437824], [7.2226687717459495, 39.404220687092014], [44.11384530398627, 37.80182712348565], [30.54540361706699, 21.336657721895442], [31.314069564997794, 46.342822659669416], [22.42706721202475, 3.5461545156700582], [6.5394673851873195, 21.25828566105752], [6.446800391984881, 46.329160035645714], [5.7925976062335796, 28.063815718959983], [23.746389706909067, 14.749096399896178], [27.714264910920015, 1.8662259791017266], [25.848404692968806, 40.369387729969105], [47.723397879221004, 7.779543335632488], [29.542617677965683, 27.219003503741547], [32.55596087668473, 46.774291845673545], [40.08368705319842, 2.959364062475572], [38.95016876469913, 45.240214459203884], [11.69398787864558, 33.15996581941289], [34.92225372183399, 42.2338979167364], [28.521380614026633, 39.02510503201923], [35.94274450240122, 1.3570228073714496], [36.25488863527812, 44.67506211864858], [34.629627018175, 33.76796842522346], [2.879132067134693, 9.917878880026521], [44.545743428317685, 47.95950103432438], [19.79849385724509, 14.266432932863331], [49.37597256723228, 48.510151513870184], [47.58098954556118, 48.84664436783711], [37.099491661258824, 7.053362614392311], [39.86161434454578, 33.03688333788921], [17.054368901771475, 15.247302902186327], [3.4818791631518464, 14.299757686719394], [27.328225355206143, 10.822049384118026], [34.671491353484214, 28.816887243312145], [45.95803473069999, 11.00845009580419], [48.077372866807615, 44.841185745375526], [18.638591064232653, 30.710467781686802], [11.652831094489496, 28.13741353561382], [10.651479092675592, 19.593386378370152], [0.6426734402918022, 41.63732583863815], [3.4135092008939107, 38.82890119703558], [7.543149322021736, 43.15101966023832], [3.4231389484929653, 5.009140687690689], [46.24568034327272, 49.32482087604642], [11.265620095866685, 10.057230740204599], [33.522775470391345, 18.512793379932507], [39.89196005751733, 23.369501319282776], [40.463999857200115, 4.0382847070781995], [29.06348635239217, 33.12140241394083], [19.672108647979712, 47.57751604055831], [42.25900310696128, 19.754737508231397], [29.31310202614067, 18.788439302666323], [36.225786278880726, 20.369331334229727], [23.947827128447663, 14.418826383609423], [2.100324273447457, 22.155403892685488], [7.190442625897736, 45.04588687623096], [24.959892832273077, 38.2690619566396], [49.252049165174746, 8.418924671168421], [44.428659770232315, 42.32563964213778], [12.386602028723036, 37.098330585392006], [42.020218714246624, 14.410216439006701], 