{"n": 50, "locations": [[18.669312383637386, 41.24000528521095], [42.12641306457965, 49.35606989867697], [20.296525118477494, 31.543745723349225], [48.838602279628454, 0.4490587438689797], [7.446673525826997, 28.887065625470548], [15.0671034287792, 21.235155328455434], [40.914688559706455, 1.948052821218721], [40.77944429116264, 27.200855998944395], [20.139547328012515, 18.880883316877455], [36.39403627773001, 31.04790894004284], [24.98002387590509, 28.811563448722033], [48.250853077520475, 28.667086167524293], [24.830887552851454, 3.486413809010258], [19.02823611215213, 40.31878814329469], [9.870976278158894, 37.82780348932755], [0.2749817245158048, 9.275222930977128], [21.76669010068225, 29.993699598573315], [31.190714455882684, 1.129800823273991], [36.77803073704422, 8.277380309108118], [18.498518641293366, 14.799336444493294], [2.470133146919218, 22.990274954004548], [33.53672848528452, 30.54963443893503], [11.08485245196269, 8.403177457244599], [17.28634903917546, 32.93302356448227], [39.44609694507735, 5.347958221741061], [11.483354622264741, 6.675024936704554], [33.667862411302856, 37.595377305096456], [45.413964114621805, 11.240037955227733], [18.425699441096015, 9.362518564848537], [7.351192105710963, 17.212205542795477], [0.6773902106053165, 39.790479540583114], [1.5262392240556644, 29.04345928485058], [10.373906853296289, 1.4247500165930793], [48.17826424886009, 19.264791542269364], [3.8042932113428796, 20.432526079737578], [1.9070311132450946, 18.4126131367516], [43.385192283809474, 35.24868711792627], [47.641058149425156, 2.547131381344397], [29.00203490024139, 37.11591156239592], [38.37365701804434, 40.519704275086376], [19.734247275638424, 41.315668953175354], [37.48507669933101, 20.988795845926255], [12.561916931576745, 39.053290735767376], [44.659982908956806, 3.1416443016171747], [29.17490139695428, 24.83596063311802], [1.9493762767282596, 33.25642675892139], [2.328834139627156, 41.11657203408494], [42.17583467315681, 41.56674901256954], [2.42887899442249, 27.67699985514504], [48.52563446512406, 15.208855638585467], [0.0, 0.0]], "B": 400.0, "U": 2.0, "Uh": 1.0, "alpha": 1.5, "beta": 0.0, "theta": 15.0, "SD": 1.25, "SV": 1.0, "ND": 4}