{"n": 200, "locations": [[21.319342235152316, 34.68191632312762], [28.65317684246367, 3.934513653381466], [49.34818120967094, 39.91608630244464], [8.219038661179829, 6.773705805477304], [10.352179968775705, 45.27919179834405], [44.369194465035925, 23.123594687873076], [11.541876599267514, 16.3857093057285], [13.367727022559084, 17.213524324387407], [41.11455401193604, 8.846402832723117], [23.61593879874046, 14.68944835808797], [41.06933201847456, 49.09523491926022], [36.654585842902, 10.556958710991937], [41.79792397117441, 19.28944135893965], [31.12841489848794, 4.1544971598112435], [33.47996642634623, 5.953885582807783], [23.283912511566186, 3.9804297148638534], [33.31474139421792, 22.34123430927507], [25.213063256042656, 42.86601916999759], [46.213032911391764, 24.277064143275258], [25.572550754083974, 16.43681383316086], [10.75222033644811, 46.70320006935545], [6.673376377771312, 36.92730490665795], [39.803819429571675, 3.351542220518705], [9.312206639195747, 44.53082073176595], [39.64063089243833, 39.72130974488746], [26.701306385059443, 2.8522081961070644], [4.946705191743462, 32.08930671006031], [11.655090108259447, 31.826269380018125], [34.87100241488533, 22.970686945210613], [37.11347739381422, 2.861872299182627], [28.554890560521777, 6.912195360457041], [39.64721560635009, 34.687091691552254], [40.89901310064062, 42.729122244089915], [25.902443124951386, 3.518680197064822], [6.017350641448743, 14.892022536043841], [45.60860883949282, 27.614023674403544], [29.162548703989117, 5.058242973439059], [32.52232488737542, 3.1895206014583066], [45.15670689776019, 17.267214426259063], [13.43566097547318, 0.6967010610576918], [47.68527165868113, 33.602022054936775], [16.881636591481296, 15.531264576509779], [42.2631032496581, 18.87233119009614], [9.523861255527505, 5.397018583687285], [38.195910244296755, 13.466047021891631], [44.74820344168736, 44.80355257571687], [39.48398675683092, 32.2890848070142], [18.818569461618793, 22.629227387744578], [15.253843444371329, 14.670579910970849], [9.617340750158586, 42.63958312186475], [22.632721018856305, 31.080310624175823], [10.676251583311574, 3.9895682896111007], [12.916535774957483, 18.07544932391239], [17.70607293107613, 37.663477334029295], [1.9383485717376026, 41.44044832909489], [20.73168562973116, 33.41631487951191], [17.014056713523573, 15.920405810180343], [45.2442482475696, 36.70030475876775], [23.06977003904945, 13.96541198422439], [36.041419648649594, 43.43981027965878], [11.180434522440692, 44.4420992088502], [24.608036872548006, 43.371640388606146], [24.692141218889308, 46.784947685784516], [17.36859044212776, 34.081624715886356], [1.3445551130404632, 29.86747570238622], [49.9951001261915, 36.46600357349192], [30.736992592518053, 47.69821635278829], [40.195008269889335, 9.788824372271222], [32.305304221024485, 10.328742867249979], [19.1561940806068, 44.227494845033675], [0.4130003368283286, 37.57335477445071], [8.307702767978487, 17.912260948583086], [3.8819489605069366, 36.07186513691719], [2.937712504474499, 36.77374298740917], [32.73712418322386, 26.22262133671291], [0.8171678743565391, 37.983288287929746], [41.62356241768887, 6.329458713832309], [29.578460178307076, 43.0310180331889], [44.3298610748927, 34.74460344305417], [13.498169460557563, 48.725598429296056], [38.93980260341562, 38.00331899745456], [19.915138892652852, 48.505998333564115], [47.99563285762247, 15.50432866679014], [28.208909671548266, 4.247922860351533], [35.153629051190656, 18.656172719960235], [16.544396916110877, 39.51938156064777], [36.811436784483334, 38.8006575649555], [49.53491281609739, 49.48211092961608], [29.257715745323992, 39.36432814159833], [44.55021527671907, 40.528165176117895], [12.612739840889475, 26.427786322517573], [27.116644152174207, 19.031903780244647], [45.9722913181424, 41.79109205252441], [33.30646290010152, 7.751710605864387], [31.90244488468223, 29.07686166078043], [17.594412916211787, 15.27904809328321], [6.357456066232004, 23.71417797300029], [18.052122762293997, 14.608240811066592], [25.523205533351035, 45.34485414031832], [24.917736119997038, 17.65029026493352], [15.912786165118453, 6.208570395530488], [26.80228159016368, 33.734775170766845], [32.68257423299082, 4.110437303321018], [6.45105820651048, 5.105720015101794], [49.63698020724119, 18.33872893260257], [33.622202872750115, 23.99936416947055], [8.266162325837184, 8.333056577258475], [49.63813989046294, 22.79000456655538], [47.88212744196842, 6.1432046253348025], [19.22145586108521, 37.852071826024805], [6.713651618109323, 12.37941404691274], [31.06739763867753, 40.91796616566486], [30.413385854738223, 0.6851254874259471], [6.621834593570863, 5.647194719768961], [22.358824510754378, 4.281844294692194], [35.049992904653585, 8.139397844665886], [0.4653502856460934, 42.78923237100257], [18.439375953774157, 43.439534149969305], [5.955650930070861, 30.74622489517172], [0.9230419188620165, 35.709243344758974], [24.437151470934694, 48.10487150759267], [20.65667098466271, 29.225406755150356], [23.29756967793839, 26.61183901119063], [33.94302911387963, 21.079465354836856], [16.527141264383303, 29.62561673057124], [33.243012425321204, 47.29829260184897], [35.74716844536883, 42.63167772864201], [36.91356149861477, 23.553801580141382], [22.225797727499636, 25.470327720344834], [32.15657315835182, 2.42746293833655], [15.377780415619357, 20.866236858109982], [12.759582143593262, 41.839353542354594], [22.847780330773926, 23.97387739076107], [39.28073094037404, 44.39431904252521], [21.545700514701018, 1.651962170532456], [37.595214216269355, 30.095510170267453], [39.78330398337969, 34.56773262327631], [24.444159082006284, 24.36088696716803], [29.19950261497663, 9.367618665709138], [13.172627083996991, 48.31546741659063], [0.7510549720473381, 42.000218857994426], [5.001732198894554, 10.119730419045897], [43.91884553048015, 37.501333733006284], [41.92478377287893, 16.664254388136012], [23.58390453599511, 6.10918707587742], [8.170836754491795, 18.620224374865362], [46.32274157780153, 19.437248576294326], [44.87216569550956, 18.482225513145035], [19.001458901994333, 27.662281648348685], [36.71470253771461, 3.3994005889413037], [17.062078890097272, 42.997511114691456], [1.6928096566288686, 39.81682139065034], [36.100438106160674, 31.726018023281476], [22.13348800667167, 37.98911633447609], [1.9286020980051388, 2.538217300431378], [29.201550507585207, 17.103554648483776], [36.944272995608884, 34.92517713809817], [27.466748372779026, 37.4061007685078], [8.788306780479482, 33.75018836004379], [5.702390195889384, 39.306261447131774], [25.546783836882458, 36.55203180262386], [32.77852950619225, 41.15109556260089], [36.205575271426476, 28.756984059273975], [28.725329121349176, 5.17135871446488], [24.515470091276008, 7.805365034324707], [43.371456519623024, 42.37802625196047], [34.823230798183175, 25.5023009947841], [8.260994843273533, 9.09623488672548], [8.568832717551794, 20.575550897406874], [28.185823964358995, 5.188283677433375], [43.9462586772625, 28.960438284512826], [32.5629552076717, 41.38973808372651], [18.258663588710327, 7.534918999548523], [4.014352965627266, 29.50328782981319], [23.704478826239995, 33.23830842837799], [22.741387076588833, 27.527515626268475], [24.384289352682664, 16.774063213565675], [27.29600223002811, 48.130184423703184], [21.519089327899, 31.13618964745763], [9.664401097653291, 46.51127085172798], [8.655742014827844, 49.26638713738424], [34.97581903041152, 36.55393391284032], [26.961934675918602, 39.939621799723085], [3.7428560075752015, 5.179776850813401], [13.643432469232824, 13.65166553485319], [40.1793393009968, 48.539702783851354], [12.824171297524734, 35.37121237662808], [18.579903949485622, 24.005921188056817], [30.90745354644284, 8.307554111141503], [4.371133268958227, 5.7160536191049935], [48.03082990100628, 26.28337343845637], [47.91578950775992, 13.094266100272167], [25.740935739548092, 13.334380934931096], [30.884021464974413, 22.08900450650033], [25.788132973297007, 17.73125238113043], [41.60983915797322, 