{"n": 50, "locations": [[5.68218552548137, 43.249908367736886], [26.2278028435966, 22.720770455072632], [4.794287102470412, 33.0629773711339], [16.4587437535245, 49.25426677802094], [19.20109685820065, 49.74391628683539], [28.029045100039962, 34.12368426048157], [30.661181537035848, 6.7194080723998795], [42.54664280900348, 23.038582260827184], [15.813384825613564, 5.581752855127769], [4.587283945158327, 20.970033240075182], [7.882752063827464, 24.58132208406828], [44.27189788964841, 18.870587890254896], [26.05713457641124, 36.57794806898566], [9.324983179966784, 28.681671121872416], [26.011368055120837, 3.0375337875335253], [19.58557831956523, 38.95654041549689], [2.2171248722910986, 27.751703500403973], [42.6143018139604, 14.857857713983364], [37.222505104783444, 46.76040124733728], [26.623520831960917, 49.61563759610272], [21.964300266026232, 3.1175649571986264], [39.159726846212344, 17.21924620037734], [45.596152631269135, 5.50015962937826], [37.175531365417974, 7.03775301188016], [3.2740149613352587, 31.222955975171107], [23.792338492198724, 42.34312751548971], [2.5779366015792005, 34.39925768778706], [2.1859204007229573, 19.44732516523696], [26.278750509087796, 27.472280529837974], [36.838303499425365, 49.73704141400149], [20.575984993641335, 2.625003708525442], [32.89138776443787, 41.74918758417376], [32.494249036199676, 32.68054419445985], [19.489234864686257, 31.364192273731234], [22.54759921654097, 18.605141958192807], [26.669062686753193, 18.488270545185987], [19.408141370629266, 12.112868818088929], [6.421724009133883, 8.814363130081503], [15.377661338789977, 22.608411088525653], [43.356154435563894, 0.8294142864670395], [3.752166930052314, 19.450607971866184], [37.12074869550616, 41.78678934483146], [37.72592943195509, 13.814720064184577], [34.43190311693961, 19.819837484021512], [21.28619511969469, 4.071094434928613], [39.78730668064194, 1.5505099662872057], [43.24711891006076, 45.766026670502455], [4.697456222998025, 31.710534101432014], [48.63037141745309, 16.407574114437157], [2.6031706450296066, 15.788083745917259], [0.0, 0.0]], "B": 400.0, "U": 2.0, "Uh": 1.0, "alpha": 1.5, "beta": 0.0, "theta": 15.0, "SD": 1.25, "SV": 1.0, "ND": 4}