{"n": 50, "locations": [[25.8947967676067, 39.53107407918971], [19.31213798043352, 27.08654352193894], [27.245530392207673, 4.051417616838715], [11.041395689636008, 3.744626098289955], [11.660168092184092, 33.007179826682], [21.474990973406555, 20.912112030387746], [44.59635057914321, 18.281973004346163], [44.850517238816686, 10.305216186363097], [35.80520077041767, 32.34915852055433], [9.584014098374155, 20.73571948500629], [26.68222260217199, 10.007365062988194], [20.233978420936243, 48.888344608849195], [36.32174550165178, 18.107744004906966], [44.2130567818567, 19.244625480940574], [16.808688857914046, 1.4387028227727805], [39.694329532655374, 2.204092736992125], [32.7055846730188, 32.822680963665306], [27.94390175455251, 0.15383064988753192], [46.46885582507812, 44.13467255288309], [1.0818390872734507, 16.879085248902243], [19.624799044812807, 16.684134353603554], [42.013055748362774, 24.400849794067884], [17.833156698666926, 20.614311229380068], [41.13361915318489, 37.19606794435498], [41.97923235067451, 21.957970545218515], [38.541592689930155, 17.84847883693837], [31.43241604686622, 10.967190098977596], [30.17233897380281, 29.17290065722595], [7.211794643278552, 30.33057624330398], [16.179721966311746, 35.62677244005373], [39.49120498536855, 28.969233159013026], [28.48171720155778, 47.50838554406897], [6.870841988950977, 17.106176480843516], [14.681499006481092, 24.511592436375167], [44.42213800819215, 27.32480956824157], [39.548064924362606, 19.157605539952087], [42.62080270171862, 9.301417551179354], [46.06807090771424, 33.113736612339146], [38.69922660721946, 6.054627909480104], [35.321785992568294, 36.55480908927976], [43.6125983138657, 24.07678121144345], [21.716094715290325, 12.978826096830948], [14.964834655910709, 31.73327025180685], [45.16971035083752, 23.951978685217174], [0.1078093805265079, 1.1011503307903958], [28.743904927300306, 43.605105841966676], [19.358933794547568, 45.70074727971335], [34.15466502457267, 17.76819154455907], [41.83854661953521, 9.361209950565113], [6.376126122774906, 20.625951090181644], [0.0, 0.0]], "B": 400.0, "U": 2.0, "Uh": 1.0, "alpha": 1.5, "beta": 0.0, "theta": 15.0, "SD": 1.25, "SV": 1.0, "ND": 4}