{"n": 250, "locations": [[39.03562964643832, 49.778045459342366], [13.897181667053143, 8.723309440966498], [20.866144219519704, 12.895614412504608], [42.91144438484567, 14.13304456272127], [15.269489656246037, 20.004140840223737], [4.948463074772852, 20.997707641662664], [17.770226318843363, 20.632194097990713], [31.936343361374032, 10.750523410275314], [22.43772649265305, 22.601723999635027], [49.9552885893197, 34.38691281201628], [7.062274382915568, 34.674796918359455], [17.92957934299848, 32.690311692150296], [6.915421197987221, 8.173139440882426], [5.86578599251128, 0.8065429005521707], [48.24564633632993, 1.5764592621341833], [8.849781401948631, 30.948045114673743], [25.45442400157253, 20.953538561884383], [38.83372561550328, 13.092196881583472], [2.552189111382458, 38.77450378829462], [12.947572071084002, 48.83884883640107], [22.37505828523641, 7.468560060710583], [46.32143413131206, 47.6364800184379], [18.114734775433266, 38.11730907654754], [25.54621761915866, 5.025889232726782], [22.274472111121607, 13.059740710201877], [39.90942766298233, 11.174403651360453], [2.764777794795781, 29.1080708283101], [21.091547638330432, 48.99788309684126], [49.344324653014496, 27.31210656922774], [42.06560788266398, 21.81204778010904], [24.259516188749924, 10.808153261749725], [48.81287211293599, 4.633594678931313], [15.414586779234762, 26.939127398341377], [30.3322475133597, 34.62424517318291], [1.3165992639966984, 7.96760909124567], [10.758660152190396, 47.29352045160036], [32.06231180897899, 46.64827378925309], [28.771157554541677, 35.57044994966624], [16.948122536071804, 18.686738787160223], [49.55324102564747, 44.555597287555216], [4.7905631762934835, 18.168865837669024], [33.15453075800734, 49.318676023103755], [36.54356346893248, 14.94044634507588], [32.78898888239637, 7.598200477399147], [22.808120881391382, 9.134636315182531], [40.05545916218706, 7.341837399744843], [1.2991860909114417, 12.753843688095218], [48.26036876726852, 45.882158220745275], [42.06010438103902, 31.199352775329093], [10.096985216584804, 22.39098877557367], [3.8948242375243414, 21.87792080130322], [27.06470895258261, 6.873566288042454], [8.353789766145386, 43.118238465693906], [27.530326221429174, 39.49413186155839], [6.87751611968438, 18.043183962648623], [40.65249908445867, 37.14877188890449], [6.8245586132017255, 23.12363831334196], [47.46714982949491, 31.523562988858565], [40.75502892655551, 0.06772186221405407], [37.804907870056184, 29.47574581123429], [17.345707192790265, 43.564381060583294], [49.28055369776332, 34.791339645423264], [8.647240573652349, 47.63146807215489], [5.788051222810914, 16.01055082731449], [38.42068852631207, 32.79230090605907], [4.35940954242483, 20.30750949579641], [42.269147813736694, 44.60208157696313], [37.3777013469628, 38.965112010327445], [32.03656328807316, 8.312737019024796], [41.273060632910614, 47.20024162582843], [17.83942107157475, 36.32386112527912], [35.4549985637576, 17.744390232098127], [24.893131203070485, 18.35639784626097], [36.42539101966113, 44.999461401453], [18.70837302312548, 40.090263745122826], [28.170510078398003, 32.45530467887851], [29.006440963472656, 49.54343609559444], [48.042039408870835, 46.388482024887935], [38.29787390379305, 17.7943846400958], [5.040867968811552, 47.52287356332276], [2.237940921227638, 44.63192797789115], [46.98451110958352, 0.5570387017386436], [25.01380193806651, 34.52360658478473], [7.138887186368292, 43.983315571755845], [12.85169080527645, 34.29932103825295], [45.68399760176216, 30.42944764255403], [35.01428628277654, 13.400904796548064], [28.737724667434357, 1.2289025867885661], [40.50690730230475, 21.84593096266283], [14.266165142109038, 15.783552268836553], [47.971224406569505, 23.4311697272579], [19.927520571941404, 41.788677466036944], [11.62246300603581, 5.844463138119877], [48.82429082647101, 6.990566326949477], [21.85092651050628, 13.650780823416541], [1.375478238704353, 42.522692400594025], [37.7641574710865, 10.51371410858264], [47.77258071567006, 42.21361001303588], [35.16967342113852, 31.099477310201568], [17.00461555926789, 18.1707837101154], [18.299495758856644, 28.056429917846632], [43.373016498280734, 35.968555134800056], [39.241355177742236, 48.28896175868277], [30.137022693343823, 24.192231983541568], [45.89707820998592, 12.507785713080422], [19.53334570652046, 14.10116543316773], [43.842146573280004, 5.171707865754893], [38.073795515241976, 12.765889328892522], [24.935479855049746, 13.591799815794985], [37.22875374591693, 18.771262435255604], [5.640577686860593, 26.54446372487474], [10.50768507431943, 21.53266466619789], [15.166181073314394, 23.409951481568882], [5.522648779996597, 39.9560517898489], [45.53224028993928, 45.49017528032633], [4.1547332502635985, 34.71473482556071], [31.75042456994419, 35.39769552770557], [15.02310138658956, 46.85886970381134], [28.450847821081364, 46.55733796515526], [31.173222728273036, 28.977421454996055], [4.3298556371978325, 48.39892539960275], [29.817112554561575, 18.413268227583412], [41.17098759924773, 34.03587565824587], [25.390772453105548, 15.138888262919876], [49.49753369442438, 24.065315704919776], [5.555824505835622, 47.58198967956348], [33.92923476092035, 11.59899833454613], [42.1234275530684, 9.681721588987507], [17.811288667920817, 3.577117817786718], [21.153741210435577, 32.33521061886006], [46.835208659827785, 34.04104170280274], [16.363939209297374, 5.9171573909586055], [40.15947733987893, 45.40023764992767], [34.424017074387734, 13.865824499095641], [20.310669150453936, 11.440258530755337], [19.446067697748838, 6.7532960668166995], [7.038489200560977, 4.826578128380538], [20.166124989026414, 24.332915665021147], [45.58269885814394, 22.742952736291716], [48.380733553525026, 37.26413262094148], [49.3713553789839, 7.592945820778168], [16.04761350032068, 27.952883032710684], [25.413748577673474, 47.37991068993012], [26.163381940479404, 15.641044248421633], [38.671812455054415, 3.62712302308581], [7.71273595076396, 22.28178691435469], [28.927721540653096, 6.427326221260843], [21.51055028780965, 32.78998483994825], [3.6292721541823116, 41.91394196096138], [30.208424170679244, 35.84766170480032], [35.09428460213592, 19.98096226617163], [33.41093443187443, 5.272252667891558], [18.948170650828462, 7.556224180159566], [4.1433654414911985, 44.672160026409344], [17.57471138316278, 46.8193413561442], [0.0860935126043405, 36.091663222209355], [38.697841763934726, 11.211215468702024], [46.856666057588306, 25.07970338362011], [13.209255620301086, 4.76149162083554], [22.59228061701381, 22.075172369451774], [12.998613620362926, 38.02581879928017], [6.72112678920726, 2.443597577486889], [15.28739910513442, 31.830219438581302], [44.83255399410937, 20.55821234525661], [1.7176777670374954, 40.41222177977418], [44.78674036281936, 46.13255756545039], [7.88393988361279, 17.259153485995178], [38.99430337776322, 20.207965246377736], [4.410332530966943, 49.425351043949874], [42.56240957534375, 21.352216410959258], [28.018100149673703, 25.338563872019783], [12.690342545205901, 31.22525747338507], [37.15021987704676, 27.152975037633237], [35.36901388487517, 27.2220005165466], [35.03279001419132, 32.530178708597745], [39.928534726991074, 44.65214827837766], [15.845463571995232, 4.245317778081264], [48.93545396093159, 31.318630726308932], [14.277906241120686, 41.886555869027866], [35.636503624548546, 37.26081848316846], [21.24868337345605, 15.703475236656395], [24.909805183354084, 28.21471836671342], [16.58711186438001, 6.165114397966365], [33.260615765612066, 48.42207358224004], [19.256201026124742, 7.63173824423935], [36.95006004325318, 16.684172044430778], [39.19499544808227, 43.462121301629466], [18.081290370888027, 14.574448581387506], [25.529957616186067, 20.260786892403022], [38.42525154774722, 4.4547774360817805], [41.03581557609946, 46.22546717136925], [12.886433992501583, 29.4347208914677], [32.086878645911774, 22.801556159850932], [48.24061824870408, 2.2022138026634996], [46.35445138538848, 38.86464255818659], [4.031323728018382, 