{"n": 30, "locations": [[36.15290328293212, 39.10435364129724], [3.549514178096891, 45.240596506717004], [8.004953524815662, 38.38582948982784], [30.534348564296067, 5.656845041696457], [18.613907453765243, 35.86117642988842], [32.84201387284943, 26.43859904983693], [15.533566606978184, 47.17058972352649], [33.325589595068706, 34.63353804207979], [15.809682818460452, 28.58983349756666], [20.294703940571818, 26.626901045437545], [39.52968794567509, 23.653831367232304], [42.45048237563583, 28.862840838673343], [33.448118115587825, 22.12847533914478], [23.824074272339963, 5.2641195212497935], [31.758898793975387, 2.373570585152207], [49.508162313630066, 22.778945790222256], [12.351733450223257, 12.656560784174376], [14.561086172372805, 9.070859846479534], [23.249299870416092, 46.0066771386185], [8.669714969478287, 47.0961599312867], [16.818694721606764, 42.41334675978699], [26.09420099177186, 38.09144367859105], [3.830831943746338, 19.569705779128714], [32.634597607439574, 46.66289435436878], [35.64695102998453, 26.556801960551486], [30.34068076547961, 37.764673976988114], [5.9896869442543075, 3.3842509557593434], [38.686050289919486, 4.879317082170864], [38.495821772419795, 36.031978891602776], [33.40513809905121, 8.741518072254017], [0.0, 0.0]], "B": 400.0, "U": 2.0, "Uh": 1.0, "alpha": 1.5, "beta": 0.0, "theta": 15.0, "SD": 1.25, "SV": 1.0, "ND": 4}