{"n": 250, "locations": [[2.667929014733972, 39.349444955527666], [12.910360161290024, 30.529461564669692], [49.41029330722547, 29.670488143852857], [3.3406280181967176, 45.5098187516549], [38.122990761711335, 11.003322750360866], [22.502202004830686, 18.80963619277684], [32.12837431761992, 22.309509550826373], [49.69633717387863, 14.246854205695398], [25.191273125476233, 36.126991750491634], [24.869231807075877, 45.114327393227136], [40.18714579275817, 15.168926184825626], [7.952051457775767, 38.53803060973609], [49.829403808372206, 14.274612543775362], [5.231900221933633, 44.053697666743176], [44.69807998401653, 22.156225089717], [46.13171632228924, 27.928917019490267], [16.727828019357833, 45.71915332567981], [6.943475414478472, 1.5350406420868379], [23.682460282465794, 44.57139265943555], [39.13622492969043, 8.17754533508479], [25.669328813576026, 41.02847072926383], [26.561098404927392, 40.831622508234496], [13.768836757688735, 4.2565153038034325], [25.159956654440286, 41.613045209313334], [47.51882419317899, 14.675509410780386], [18.63499859886713, 39.02765723586074], [44.04295142014523, 25.828325723276755], [5.553176546341593, 25.80027249084357], [42.51628720400205, 45.59608195526396], [35.880794882426606, 10.34791794616406], [38.04097371319607, 17.662664270868007], [8.869294574978365, 19.32131144367768], [38.60794916975764, 45.80728266569119], [37.68138136169411, 47.381586642591074], [48.18164651615245, 44.0361913094719], [1.59361918996494, 3.3072502267483204], [18.85684877495642, 4.435183202117438], [19.772114226399616, 1.2494154518183753], [39.369511293685164, 40.80037792222673], [13.03561142500686, 12.153793214397362], [6.323010580416188, 16.84121843636282], [10.551296913506414, 28.620677434444687], [37.42141428176014, 42.922942751629876], [48.70064391450598, 13.194444482369855], [0.5481894604071669, 42.79316115934775], [36.19377168242905, 10.67796844981852], [44.88800458075999, 0.3782084130528163], [34.208338809291696, 27.834004868863833], [7.129189447750522, 49.675369029082006], [18.370617699918242, 16.313363211415233], [16.484107170385464, 21.86130978455423], [31.027814217810583, 24.30514495605191], [28.423610225007224, 1.0689357599573568], [38.03457962236166, 23.034394187916618], [24.186923383878543, 45.23150444709729], [5.553743182230453, 24.622168371507374], [40.77410031268379, 14.386073713457293], [0.5358807186773951, 15.486523928145484], [2.8040368080118174, 8.255915407958646], [2.465353831349393, 3.4734608445244897], [18.661456221855392, 36.5756344864618], [5.2317780969185375, 13.933443213424884], [6.311906713309629, 41.973385105438346], [31.322096152660677, 8.137674800874423], [29.552181293681922, 9.51152886176927], [29.739595683063836, 11.772693027929094], [28.942909963907304, 36.46919128312565], [44.060876063147106, 6.725991282306082], [39.18678162880232, 27.164136547049427], [21.253394947606726, 19.835784719802163], [17.57857229517149, 25.12545038364565], [31.607858292023305, 27.07547616654501], [3.43796833496412, 24.227877769005534], [34.267911973618084, 45.424618076685114], [6.627148275430811, 9.108794458511065], [28.92003612470736, 49.328247623214125], [42.5174882858704, 1.439482857926383], [40.506980749150614, 9.733809018491385], [36.761832634513446, 6.188034903629242], [13.504450582801702, 4.917118793236902], [14.234039724482717, 43.636404053995314], [47.90694275319623, 42.6603584844175], [32.4599930678452, 15.804789508339173], [38.43074593437757, 3.0524336991368637], [41.2342933818033, 48.34003288807972], [18.021502075802104, 0.2369391137473309], [4.224089450963808, 10.23467200362022], [32.09795784397258, 15.058449047980588], [6.077723360226939, 36.43011889084256], [32.772875640763814, 23.554962510909576], [48.75070800765707, 29.19702733643565], [34.32024729850952, 11.340735777726607], [7.391114199827231, 24.927186869846153], [18.77506496635239, 29.989339679713634], [25.336585332668992, 5.986778135108922], [4.768527968234398, 41.10826646993216], [37.72381746160451, 26.595226124792248], [18.012032516687544, 34.98815612116062], [49.08765290763314, 9.379354123798544], [6.341562001050393, 0.21267031835084382], [28.972367204915777, 35.508186208285444], [8.92904175279231, 46.588439048223584], [3.8471863466264744, 44.41686025080262], [16.953993903503754, 2.131211009036371], [45.57669697948367, 26.00351047933173], [30.81562153714153, 40.435345752187814], [21.897557630574067, 32.32190803617329], [1.3828167321733031, 45.069913435181995], [30.143674020042322, 35.28916772775759], [40.15211000312578, 46.732321990424374], [13.352260901188323, 7.197455666027902], [47.50580062836848, 4.355619541533268], [6.743888887062926, 41.009737152931976], [34.69856107562074, 12.417994287276102], [15.781129655562959, 36.484580164228525], [15.852576789899848, 16.007335214024522], [7.758867286331538, 43.02189874423385], [36.28542477188426, 3.5436526555419237], [10.690317633206876, 23.525074371637082], [31.457159304241582, 49.98556775604685], [35.48500312443906, 15.660833402884084], [18.78821605896582, 8.708799213549462], [21.945000355285345, 27.34550643839688], [26.939517430458874, 0.21837762297425845], [5.634159604990552, 7.456919813373386], [30.43777520929559, 21.020687703556153], [21.960287303732844, 1.2379415800788718], [0.8762048174192072, 41.179378683279424], [10.949551023299708, 30.924661944178933], [25.320506602661723, 20.600495266190705], [9.812493915941095, 13.054906059775556], [10.849916281995158, 6.713855625359183], [42.45795353899663, 47.03945878111098], [21.584868604866703, 35.49783731397888], [47.996382237299315, 30.703735328690822], [12.796090578371055, 46.41992236583143], [16.438406507046395, 3.9968824063130293], [44.8127013790925, 14.059948496113433], [31.419837935180812, 11.359834501527704], [5.90402733052886, 49.72902456344153], [36.582455080121626, 49.40303804613228], [42.731020060208465, 29.974344646013733], [47.22450563306991, 4.568621856150962], [36.32545277958144, 24.80096425056325], [46.605280632110265, 44.76240814662406], [32.837761143872655, 7.226306179069031], [46.54760514711418, 36.36343396157158], [11.897054273749285, 31.727541904805882], [33.37472618442765, 5.294429522860172], [13.104910234390815, 13.235249635396668], [25.934674539769624, 2.394926403469827], [20.405943597569042, 14.040256383498923], [35.00753707635965, 15.804578490778454], [8.536814261606457, 47.43084722160265], [15.469905624719992, 28.088041180069588], [43.50301434238511, 32.762748051055155], [27.22360859880814, 24.345022425907604], [48.01622753087367, 12.766511933790337], [13.284598029777866, 28.338040322631525], [14.543542366118189, 36.72796943373045], [34.7837767041281, 16.71450540670459], [4.710703253633475, 14.23603289309286], [32.637518919057904, 41.34380893231804], [19.5346135714747, 27.182811963575038], [42.93579307355929, 31.163446371535063], [1.0967442586570453, 43.58355494092465], [16.938156157033767, 34.85571368490839], [17.98005061726015, 7.52462333484366], [36.00269848254018, 21.16148774283867], [15.800855997296082, 47.40099090647595], [37.486975525624445, 27.50519059696726], [27.30906722452061, 29.78267203226761], [17.68108307813771, 19.202420862488324], [31.431569455981933, 45.50729598946151], [1.3411743471577642, 25.31940936729042], [32.032394581533694, 49.9706237948624], [0.7626964412256909, 10.210614123713203], [18.968269030410617, 7.7443285876097665], [48.7903155707933, 48.21867437602254], [7.160477841532309, 1.13858676181543], [40.40804500582945, 7.260535831166654], [26.625869479958375, 26.518683738341398], [6.43534103758166, 20.589820334310005], [47.56145666410399, 4.313550372881014], [14.4273569614899, 33.926063593693215], [21.029014649667964, 15.439947051484214], [39.56330317005303, 26.908906463461935], [6.082971552263716, 24.31237287000483], [25.573283993674472, 16.59363481082199], [3.4819370056518806, 39.85364645765198], [2.4296956776213516, 38.37546346612109], [0.07166648451367719, 40.38847777634948], [0.19953914590626343, 13.820844821933942], [46.202722680525035, 2.0075671775104107], [0.6321256943402409, 