{"n": 200, "locations": [[17.102556220558508, 6.963374693356633], [13.48581949952763, 12.89957687049626], [0.26496801590246144, 28.243903219311633], [20.08989489797318, 30.38209495306884], [40.884428695821626, 2.7084697336382355], [33.939676118199785, 45.57294475352997], [33.9267868798485, 17.11377317618481], [4.971308447709577, 15.100303081083972], [28.459158802690066, 23.21889512008177], [40.21326842441436, 14.509494085691438], [16.33901500965259, 48.44713457275864], [13.352467722941558, 38.99290023873373], [8.17097460685597, 49.593533110538736], [39.88392284341373, 5.822848674593606], [24.076341327221, 42.377010261309074], [16.199700802709096, 35.755221621251174], [23.628382896990296, 1.168047190027588], [44.50863745145114, 35.06373442412089], [7.855554122253883, 24.163537578370775], [49.04950754510159, 24.029784824021235], [37.57102264889063, 42.36675758821353], [15.105418203280607, 16.765665405837698], [43.397590303798694, 41.718124422879335], [27.548394661850327, 36.970363982402226], [26.060630985735827, 41.32009139084755], [3.1226236098330418, 35.249881425692806], [19.654156486805974, 13.368178515715034], [41.488280520843546, 8.950821927292612], [48.69211968811751, 44.85571963281793], [4.7144876979735795, 48.3740702193857], [18.232556199417218, 1.7720127596176305], [18.65367648650243, 47.17048589547916], [40.41782958350907, 31.869885260441293], [6.0532204440367385, 36.39699568426596], [3.4968788100702417, 12.965598497126058], [28.525834733962668, 17.770841146665862], [12.930439667892674, 28.579175703706838], [49.671743158665315, 8.59278681250863], [11.26965207343732, 0.39483825480610135], [16.643239322285673, 7.709070748685304], [38.72266645318847, 0.13521365191512258], [26.33357007413802, 41.69459036127897], [4.926462627127726, 10.541641497450382], [21.438939520822416, 24.416207561963972], [39.288356498639594, 12.243028487189388], [32.71279729035216, 29.00977494748298], [26.215969759855017, 4.766364414667601], [20.370733970137834, 49.85995243884741], [18.54011124116785, 28.47900333614496], [4.550679706431415, 23.042802434526706], [4.139226743913693, 0.6898353751220831], [9.085160788242142, 38.6961220563911], [5.261900925692842, 46.790614573055805], [37.33763189293121, 30.545335012559587], [33.3329368076504, 8.293461841748083], [10.739077842931104, 39.18063647949962], [15.642507761249187, 45.55486527261438], [20.150458757372746, 32.94859153610966], [22.83453907430102, 12.51563553031696], [44.14547487593437, 9.410433938837603], [22.71284024472397, 17.994065483012285], [43.853940310185266, 43.71749032252153], [35.07765031220445, 26.966664106608384], [5.915472797421195, 35.77820436360564], [41.88055109524787, 0.22982386280869793], [16.33929589268647, 33.653344758560756], [3.3271867910957766, 17.962313845087962], [21.02724951516469, 16.986913318510894], [6.754369820261985, 35.45901721307762], [15.501946969235902, 45.98846233537465], [24.79632273688541, 0.8674912689450642], [17.285893458075385, 20.557119944245493], [36.45482914425375, 36.13336560802921], [12.846756168619395, 49.871631237118855], [44.78883362946405, 27.23855204601745], [24.639915873363442, 4.325983730705573], [48.90102579100123, 15.015367027943405], [7.314454561888101, 20.764572535939728], [7.867782527136646, 48.08050326685911], [36.86878026337286, 17.13552528796527], [10.981246233821418, 31.156667562894853], [46.764332530986984, 5.861306828628987], [48.23512656797444, 30.814482080536067], [46.026159155840105, 3.978815234935146], [39.98630338304938, 21.39684467447673], [43.48419996983978, 3.4752584268451123], [19.348547255363098, 26.920304817879053], [43.90114720704167, 18.772098663102565], [24.10316218475877, 4.017734404998974], [16.54485197899338, 29.91245788314612], [49.564021605661424, 5.32258480179752], [42.7720388451512, 19.672859059482], [18.888126554357854, 27.57417944824894], [35.16206616406309, 16.87319352768698], [25.958832493242344, 42.70647159397484], [16.053984034251478, 0.7407045807042933], [13.970973695646538, 8.46003279970186], [41.67481176717075, 44.50234166507743], [21.314054168008763, 34.4096818472766], [24.782446609116754, 34.24023099974165], [11.433588912689373, 30.09123814114939], [28.536842958496493, 32.48218344124076], [24.287199354365125, 6.097428234005936], [13.958702281300484, 45.48024417101633], [2.812262002582433, 17.002031141995083], [37.09115460497633, 32.47516637676794], [29.74608527903963, 44.014332200901386], [35.4048542657967, 14.265364382938522], [24.82293173688349, 12.006202304026681], [19.929433917572275, 47.16144330611496], [39.078147595888396, 7.625942937146856], [45.62624811039165, 14.502324877155099], [6.081977398539879, 17.156993070987237], [46.435801027743594, 26.594900874520498], [6.048471059492011, 43.86773168754955], [3.7381369699727496, 49.816036332252764], [15.504486376671933, 11.060057160047371], [39.15026162673619, 11.31704409917475], [22.26963961204086, 47.45864144498034], [6.423834401908618, 45.885485276759965], [34.48695591881792, 6.952699770194975], [15.960427863872406, 43.656842750935695], [44.9582613434815, 10.998486707579785], [23.517337735830047, 44.37535199574404], [33.54345584069321, 23.40716511302656], [34.63917016097517, 44.328884654640014], [42.69902362343402, 30.840032244030013], [12.674777312272179, 45.44131147501658], [12.872846170059349, 36.22694351553885], [40.63949493791709, 15.252697301238328], [16.11608056660479, 27.166513278168303], [23.410098192168192, 18.754004450699057], [4.246872726226386, 48.24322387602199], [40.778521741388225, 43.851073737482565], [11.585237759149026, 45.95494113000079], [8.106124653612579, 32.7422708290233], [15.24847579930918, 48.4804288326432], [8.25874028338473, 6.12413645030726], [33.02780240325369, 46.496152039848866], [24.49019869964644, 47.51616251993695], [10.07494951356867, 1.7982341073303265], [9.53479629051791, 8.939664333382035], [11.614629946348742, 23.89325764682132], [17.560897416572548, 36.68450758972981], [43.52886894949896, 9.534272893231854], [32.164146644093364, 18.881781726923947], [11.823626499970668, 29.47812095872513], [42.0761300953125, 0.16494873204423444], [23.21305454375935, 19.676876443384934], [25.649409604360763, 9.100688560854236], [12.508752688093722, 39.87348685861759], [41.43802766580883, 25.271573611716285], [40.73645275233853, 49.5559047545383], [30.362833572086288, 16.04234622652976], [22.241189855924592, 25.005335371057903], [7.616349893543905, 4.290882653176059], [15.133674159130594, 33.974764298593705], [14.835006065762396, 3.881106418717295], [12.31890800721906, 35.06468781715725], [20.298494288484854, 5.768109105983182], [24.089547861625938, 7.286508650778045], [12.945272219466752, 44.45063886509453], [21.09551728993581, 44.83485879393809], [5.363371675196083, 24.153610970073096], [11.075410245206102, 6.825629533738398], [30.897635615980455, 46.39843403015985], [33.33625311815463, 32.29077984985706], [44.345205893480696, 36.674895802355465], [4.741993173429915, 3.5707063557858296], [33.33005696711665, 27.01869485789354], [0.9449968115529228, 4.055173575840038], [48.19046779886081, 47.17740126972138], [31.560829068107775, 24.646971989540905], [41.8709323360412, 8.61611760348156], [20.122243806810015, 23.354389282507874], [7.95636308605665, 37.450820761411045], [10.505567807373012, 3.747344429643146], [25.329148287781024, 23.979164513206403], [15.387472584715711, 32.467238086186754], [7.683913947984122, 23.559239852903612], [34.21420553850928, 25.0518704970375], [38.79365788498769, 24.365603902530193], [8.266354874168623, 29.790312025194126], [49.949122536120925, 31.51586759114918], [4.791523668676073, 25.047890723154016], [46.30465225344205, 42.605234021116544], [23.58086449749819, 6.538717288433199], [33.46646342567457, 14.144758796517449], [47.83725062155087, 7.580835732844554], [7.762516910342788, 14.61348575111293], [0.9255059772367236, 32.7054817037163], [4.3730842343751295, 8.60569519941592], [49.897441938439115, 6.411193414427807], [23.644941693021305, 24.520084964608742], [35.47115940847537, 27.915221140415365], [10.605059346499262, 