{"n": 100, "locations": [[47.29168410307389, 49.036542682826806], [29.325332945087997, 29.99799571250834], [7.571266671160037, 16.050492720769928], [34.924284621930084, 19.955378585103755], [34.895815437745995, 11.960459174421112], [30.837998318451966, 37.38553232774701], [17.84208419383213, 32.04262190287888], [47.708895912590584, 23.532037191944905], [14.36202470521627, 21.331353897636795], [25.822654227889114, 27.049064126392828], [23.80464930221465, 46.20328947071678], [40.72152972008223, 1.9038575690805803], [23.45702005790055, 32.760344533517845], [36.602218777407295, 39.94144852986843], [40.48658856536062, 30.20295635055698], [30.326674154269718, 38.05266986204652], [46.93474324267699, 44.6464740378628], [28.533782683631664, 6.482588145194079], [45.47263460444765, 44.334676902420476], [10.721761154420511, 43.93586191510606], [25.826343430322346, 49.270432468536306], [20.596734290873965, 28.271657080085273], [15.653079176412039, 42.659401474176526], [18.32487398633389, 2.7057051585195557], [28.041117554861334, 7.0100608848824795], [27.31224765187482, 45.95430523870275], [14.711174312625019, 16.022435105698317], [8.510595614922961, 4.7156230951101605], [25.670484439438944, 10.529320939007302], [28.297240469015257, 9.819321433775158], [34.02532464839151, 5.413513379288498], [0.9621530400583667, 7.8396880103172695], [29.54413219784736, 48.049790234753615], [11.707539484873614, 1.013603812252628], [35.60513310648666, 24.08677734434697], [26.996120667832606, 38.28030944554656], [9.63236264733463, 14.19648860723548], [19.841052917086294, 37.12025088372582], [10.501794941495907, 33.34110204126258], [2.963945373907839, 9.524427732869317], [23.845472151942598, 28.800178013821505], [0.7190092997095165, 11.835917139889778], [48.71140222605568, 20.916389821383863], [10.529496993281178, 11.086230579298363], [13.247506548750486, 35.04428585814481], [38.97083423145976, 7.643948697936315], [14.154276770863838, 45.6521850776806], [33.47477044844988, 20.54074544401068], [0.8134387618238537, 19.028691343785713], [24.54505661369058, 5.487004361703174], [33.29602410811348, 9.6526214093959], [22.441223729184458, 35.69494077301735], [8.173140216479474, 37.167406051398025], [40.67420959439841, 18.40412308285822], [21.11832878238264, 44.59704312532741], [17.85860335094183, 7.764190534332771], [14.344254215608155, 45.499009023052565], [0.2640450228420632, 45.955746204524026], [15.23797279419119, 17.307869188727143], [38.09475780384257, 26.328479894434263], [4.917629699609682, 6.056320135909332], [20.822979584101514, 48.28608121578411], [32.81789874456466, 43.67896297512045], [39.72491771226421, 32.87317077669824], [23.38348237115515, 9.997398426429399], [34.59885581625053, 28.640824084475653], [34.098351203890054, 45.64551910794306], [7.92826124600699, 34.18343093655744], [7.557748105754619, 21.201731386742175], [23.680604541415562, 35.59583789830697], [26.62295551569641, 38.008994888621025], [3.6858445353263827, 36.542519329322964], [6.92633464542729, 22.93403146078813], [18.808042643481205, 3.5472588235828217], [48.009949297524344, 9.250406670110983], [10.459632395438788, 47.90705880482405], [8.905178014816256, 14.28143400399246], [17.945725530591, 22.73287338133675], [30.04761967431006, 4.770605831087588], [11.936180359175014, 16.092526293763054], [47.08877638991028, 1.2545535730765944], [9.597742459458992, 41.41362599477013], [21.63899642400702, 0.16329073869786326], [45.59999105948701, 13.59005171970028], [15.636885597654437, 22.697151047418046], [6.979019718668727, 12.78929368084134], [45.55568149574313, 41.13806329098158], [5.449171895923655, 30.96681771639996], [33.88119167788231, 21.344419151825235], [2.3341149243194916, 8.362754442515335], [32.57933341787515, 35.200416745047015], [30.822878936396307, 2.984480837035669], [38.966729155124604, 5.971207398092826], [42.587993781810354, 6.8160121299429], [7.551900226118768, 11.51684566918073], [16.45825563409883, 47.500388170383864], [29.340921313389963, 28.579294512585868], [47.446927564213546, 4.4163155403377115], [8.226219994442035, 17.62283042774485], [28.733667668133055, 43.58521269172299], [0.0, 0.0]], "B": 400.0, "U": 2.0, "Uh": 1.0, "alpha": 1.5, "beta": 0.0, "theta": 15.0, "SD": 1.25, "SV": 1.0, "ND": 4}