{"n": 50, "locations": [[16.908289823977046, 23.465632149393144], [49.867605363981305, 16.496790250444576], [48.55993704257989, 28.66487990099259], [23.08186494251484, 0.3332508402273282], [25.13175991145164, 21.264885721128497], [25.182424411001154, 48.04511300226059], [42.75538321091005, 18.213671710961925], [37.78502267493164, 38.77774490845527], [43.7625547834567, 34.76745093644312], [6.739242606636198, 48.20927675772786], [24.40938317548515, 0.6183755989592477], [42.63308001055124, 10.977168576467633], [10.734393456911484, 9.289964637910913], [10.082341090556623, 3.8834830831676714], [45.140252606758104, 34.29685102295611], [17.590997969104095, 4.972205678309888], [14.63494430526146, 7.8681000083893675], [48.77552926108398, 8.710609630150085], [45.760955587700664, 27.04630396572477], [32.37551454872067, 29.311271446634656], [15.682948095745358, 47.76122839923973], [35.77484356906967, 9.867669531294181], [0.2764959909911213, 41.44937838023303], [3.493878938568246, 41.13176034063896], [10.361120938449503, 36.33003619070643], [18.258104982616647, 11.481803359393282], [25.684520366133455, 24.202199739889487], [19.282936577412592, 41.421677350313686], [42.817761750452085, 5.021341375667504], [30.90104425373012, 5.294448257826972], [19.657145055701154, 4.193149410259372], [28.638605842836423, 37.09955791253305], [44.38975009162677, 39.80565737983838], [37.38778546572505, 12.736960707270162], [26.204018404698893, 3.8497897697068852], [44.89312745448236, 7.428996191682119], [32.926665623090145, 39.34035907703484], [0.16639855484552601, 43.509696285596334], [1.3557938479407894, 1.6373373040518446], [16.613043058813137, 28.91493531589714], [38.59960624033353, 6.530662509351637], [14.691390132031218, 15.29828305239047], [13.532118585975878, 19.86357665713786], [33.23125989207888, 2.8105735156383815], [1.5159678796347609, 49.335514375110975], [20.529596603351862, 29.82651308464594], [41.37270354982213, 15.63377182392809], [36.70227395040436, 42.57462505083501], [24.160673289983443, 49.553289742148074], [15.652071404114853, 36.11420732332995], [0.0, 0.0]], "B": 400.0, "U": 2.0, "Uh": 1.0, "alpha": 1.5, "beta": 0.0, "theta": 15.0, "SD": 1.25, "SV": 1.0, "ND": 4}