{"n": 150, "locations": [[49.17744358878528, 38.4125524347212], [19.571198206042617, 49.949046994141845], [47.36570179115446, 36.14737391100991], [7.457550439644595, 1.594977364217548], [18.457489319139558, 14.207534415782092], [3.3706361736231036, 17.854898058152273], [22.1723028641675, 10.933119947940106], [3.2768948627737937, 24.786504933686153], [32.2081835259263, 15.342261722249495], [42.17852890903761, 1.6959801571309885], [31.39120251225464, 9.752798195014261], [27.70977752854222, 9.93060993622976], [3.94921670760201, 0.1637961635912566], [49.6842516399019, 45.689421792811075], [12.416262120412508, 0.3908463328185563], [20.624473448736364, 10.48745601407059], [30.10713090194177, 20.920292674453243], [25.42721015600845, 32.60951704388366], [8.483974937592098, 28.798421229723598], [9.567583502776062, 35.47944907005276], [23.919080893313367, 20.146196328076925], [27.95881326692381, 17.986969013233157], [26.654679136521104, 29.693349308134398], [35.00463450224288, 0.5580049358075267], [49.18428842049082, 11.101424266676347], [41.658852648240725, 4.407339404627591], [44.58593603043576, 1.94204586881499], [25.888682505269678, 16.200674710984874], [49.31791778560093, 0.8004344139823483], [34.2174650745197, 30.244075459557727], [12.239702257087748, 14.277667935909227], [41.911058832838144, 37.43831769808381], [2.3603195676391575, 37.52711141777916], [4.680675248457761, 33.47017284602769], [22.858120107894376, 3.834828940153262], [12.618465420220915, 21.04890708026809], [3.6350817047130333, 4.933848729922219], [16.668105707720176, 45.55150853007922], [48.32105715365071, 17.997404705732468], [13.947425328666451, 22.92744371644373], [49.89290926553129, 1.269103478066519], [31.538475561633433, 20.423495390579777], [49.764491404794754, 20.999292939819338], [36.28328370329281, 3.6195175551241574], [17.418387498208144, 32.580782100766775], [12.593190526853448, 10.137391789511613], [21.08104811244445, 17.98861985886428], [38.155482972768226, 29.59174758449689], [30.156589396679262, 9.375040376851063], [19.091506581447078, 23.806787952257334], [17.560191484634174, 31.707820429411885], [47.745084874049574, 41.977272385553846], [16.340345868824446, 8.723265761529131], [19.731389324084336, 18.823543499857742], [5.6098372591675885, 40.42429229923095], [9.882608225231476, 35.73279026966599], [45.83728126627237, 21.569304807964517], [27.87932451296737, 18.211587354022225], [20.08170856032349, 49.065923135492355], [41.20913300117379, 0.013771708955784279], [27.356846494647602, 39.00263838107561], [31.789461824559545, 31.80019158978194], [16.274134627000553, 24.621421930846303], [47.33279204563184, 26.199416197421204], [34.626184552411814, 32.550911823931386], [16.708772570708007, 38.119717121592004], [29.789289179812357, 19.876347528572964], [7.6308750168839365, 7.194611019833458], [31.588485728309408, 16.657132260393652], [37.30732923811541, 46.14462574931517], [45.437401993579805, 14.799369172425363], [35.54476672992476, 7.3399357329664845], [22.214431029511385, 49.48023333821699], [6.361672097594378, 17.869542419347017], [32.599846320769615, 3.6295202213180557], [34.568552126981444, 45.758071834540544], [41.18253070111428, 13.479880382422488], [0.18718396836049367, 27.839726324250286], [31.43269870387872, 23.829516922280895], [18.7038268216696, 20.92963080673062], [44.46127006608802, 1.3571440414112623], [27.077593210259753, 21.65019003398665], [6.249687587019986, 37.66554128363914], [7.131706125832327, 29.030199359699672], [9.11990504066596, 15.158513119043976], [5.354732107980342, 19.28279872531478], [39.184541725472265, 1.1980191811667706], [20.79041253386014, 39.21975186333182], [19.040461399062377, 5.76437741705465], [1.3832233232697055, 42.76260943106917], [1.6470459164992846, 48.50323114393971], [25.3785706656803, 36.55944008075565], [3.8976722830895816, 47.89736404920688], [49.80026319529228, 17.582439539066307], [32.0220119455755, 24.94586493236835], [3.2573019329031396, 16.925936614892613], [12.038119199556496, 27.516981273289392], [3.0805501930647794, 38.83001256923311], [4.84197558556842, 34.523056469975145], [46.38856048807222, 3.2275241023173695], [17.876996516904864, 1.5947090811556819], [40.24200200449497, 45.12684248258204], [31.677798575572574, 28.040810410110616], [9.806300503303584, 0.885339023426035], [28.78005671106359, 22.30955889501745], [45.84436173244485, 11.195027801264661], [17.668208569599912, 38.31517689370399], [19.27962941742948, 31.47914628275507], [1.6159924524869584, 21.20020413018227], [11.976593507294474, 7.5217639357550325], [14.010377205302255, 40.39039000224661], [44.69728515209888, 20.369750928917085], [24.997149618115756, 11.238887356625805], [17.23990293470896, 36.38907782785319], [20.77892378029703, 24.710355731788997], [14.672214803561145, 8.887419025400034], [22.383257129279638, 48.6990478914032], [27.711635881549107, 16.590929219847567], [40.67069376843128, 38.302639890025674], [34.678207045590035, 16.16137770428608], [11.762814766903412, 44.947090490412556], [23.94714035369423, 14.13429829728644], [10.797315956393689, 29.008047311538533], [19.711039848868168, 35.454664011343276], [36.19971497504934, 20.92751133502192], [34.053801945454104, 34.62504088098386], [10.391166413993508, 40.139364185810464], [23.308787746605937, 18.360222091440974], [24.397508170115174, 29.471192491987413], [48.85024174304654, 0.6772100412805238], [35.73069725495497, 33.06903675593033], [16.178519641882126, 9.589432207578124], [15.167237815870326, 30.81178819505493], [9.362511608106594, 47.841261589116016], [21.022443640520994, 3.6096360934422647], [14.043131590340774, 37.522170702020695], [46.92062666299171, 30.403149742903263], [5.356613342399336, 32.7019912912906], [15.234679377573885, 40.99006346301937], [2.4994646278320207, 29.765100796860434], [31.53714659267847, 37.24455903140137], [34.33579982389329, 24.581191948654247], [9.51566771960649, 37.76795686141951], [12.847196432070234, 38.54798618204192], [20.371647824077755, 13.132607579252948], [38.16402506441685, 10.324581139477385], [48.162428719263396, 36.64185931307939], [16.402785426558975, 33.81015873269816], [43.45963777547119, 20.947939323352248], [42.505844150929384, 49.09063416352918], [0.0, 0.0]], "B": 400.0, "U": 2.0, "Uh": 1.0, "alpha": 1.5, "beta": 0.0, "theta": 15.0, "SD": 1.25, "SV": 1.0, "ND": 4}