{"n": 60, "locations": [[17.390350980821967, 16.83957326937081], [44.75866829668703, 21.935952673134025], [4.975743985148568, 36.67357950744233], [38.95075295621104, 27.39360745203913], [18.70454828125706, 26.524476148873642], [15.533902458256376, 39.52242191613306], [36.596618968870935, 15.728718992840019], [7.645418743785138, 26.852915954236728], [24.085455859347952, 21.326729611737004], [40.62282550372055, 46.643284939911055], [21.400540525950625, 45.43029121381028], [9.72356889495588, 46.58771141398784], [33.86515262202036, 11.091468950786664], [0.32212806330985666, 6.800380752317848], [44.21407605852541, 21.962241129262484], [12.823557876896462, 30.11359553123163], [26.8817050511801, 10.625706085275272], [32.61704114869854, 18.621858813775145], [38.60964521579233, 8.44529372710195], [36.446482504666996, 6.471117389219044], [45.54274773006828, 34.61014854202588], [48.845773924998234, 8.825240315900128], [36.06211786279723, 15.968351859062945], [35.39481542454321, 16.416821460023208], [38.31378882667872, 38.0099974748021], [7.161218288145527, 18.788817769625517], [19.947330162166445, 12.603083462779836], [35.2900938021039, 43.31027127796687], [34.006949406393495, 28.99359069220051], [31.169337171935496, 43.94666834881696], [25.374928188411772, 12.534916342839065], [26.67322165070208, 35.582355186863495], [41.737757450728814, 40.764698082310304], [25.939472804425744, 3.4870977994179597], [24.07432814513402, 26.379265543625568], [23.7794069961813, 10.74604982771295], [11.007482961031357, 0.5062900687826499], [22.17137326186972, 15.996869087730776], [34.738774915533575, 24.23847930336428], [13.456903226870958, 19.118918398908626], [3.4598028685334237, 21.195087313658156], [38.98314262610787, 32.56214482750761], [24.36894883588088, 28.15795145034899], [7.044263326074418, 43.76397815010989], [29.41487994533211, 9.95205394964574], [13.990212318672802, 44.24190629821735], [46.40274903045831, 12.376168905055195], [49.0205338402742, 34.94134919433821], [30.781850994662953, 5.093874761856155], [2.9463346809004918, 39.546053209650836], [25.67742386651059, 21.68340178089751], [13.248926287334918, 48.745111177837856], [32.63386308703954, 9.787899596880962], [22.99119815954393, 24.200511820976526], [8.864704520076778, 25.224211885029863], [32.560465728516604, 1.8469321101524383], [35.27375834714455, 10.259178610924835], [29.724211450953646, 30.664387382995866], [33.05292905842567, 38.77629649727361], [47.35405328140594, 15.122037236235286], [0.0, 0.0]], "B": 400.0, "U": 2.0, "Uh": 1.0, "alpha": 1.5, "beta": 0.0, "theta": 15.0, "SD": 1.25, "SV": 1.0, "ND": 4}